date,open,high,low,close,volume,hold,settle
2020-01-02,7325.0,7335.0,7300.0,7310.0,139007,371698,7315.0
2020-01-03,7310.0,7360.0,7270.0,7350.0,272824,363490,7315.0
2020-01-06,7360.0,7470.0,7330.0,7440.0,356126,354915,7405.0
2020-01-07,7435.0,7445.0,7380.0,7400.0,222297,352846,7405.0
2020-01-08,7405.0,7570.0,7385.0,7480.0,368089,341983,7465.0
2020-01-09,7455.0,7500.0,7370.0,7380.0,298763,328714,7420.0
2020-01-10,7380.0,7450.0,7360.0,7450.0,160422,332794,7405.0
2020-01-13,7455.0,7505.0,7410.0,7485.0,272202,337563,0.0
2020-01-14,7475.0,7490.0,7415.0,7420.0,176440,331991,7440.0
2020-01-15,7420.0,7435.0,7345.0,7365.0,202148,328233,7375.0
2020-01-16,7375.0,7390.0,7290.0,7295.0,205147,338881,7330.0
2020-01-17,7295.0,7330.0,7290.0,7305.0,133380,336208,7305.0
2020-01-20,7305.0,7310.0,7245.0,7260.0,188290,332199,7270.0
2020-01-21,7260.0,7280.0,7215.0,7230.0,158580,325820,7245.0
2020-01-22,7220.0,7235.0,7165.0,7185.0,228001,311328,7195.0
2020-01-23,7180.0,7195.0,7135.0,7155.0,162071,299832,7165.0
2020-02-03,6740.0,6800.0,6740.0,6740.0,136022,292865,6745.0
2020-02-04,6500.0,6830.0,6500.0,6805.0,231254,280182,6730.0
2020-02-05,6800.0,6890.0,6795.0,6830.0,178942,299352,0.0
2020-02-06,6845.0,6860.0,6780.0,6845.0,122158,300783,0.0
2020-02-07,6830.0,6835.0,6795.0,6810.0,95057,305131,0.0
2020-02-10,6800.0,6845.0,6785.0,6825.0,93216,307698,0.0
2020-02-11,6820.0,6850.0,6810.0,6820.0,112729,310328,6825.0
2020-02-12,6815.0,6850.0,6780.0,6820.0,114397,309470,6815.0
2020-02-13,6825.0,6840.0,6755.0,6805.0,131907,313235,0.0
2020-02-14,6815.0,6825.0,6770.0,6820.0,110799,315100,6790.0
2020-02-17,6825.0,6865.0,6805.0,6865.0,144418,315853,6835.0
2020-02-18,6860.0,6960.0,6855.0,6885.0,218339,311047,0.0
2020-02-19,6885.0,6975.0,6875.0,6960.0,133440,308348,0.0
2020-02-20,6980.0,7040.0,6965.0,7035.0,173794,305623,0.0
2020-02-21,7035.0,7045.0,6980.0,7000.0,124609,304996,0.0
2020-02-24,6955.0,6980.0,6900.0,6935.0,148545,300009,6940.0
2020-02-25,6915.0,6960.0,6860.0,6955.0,137908,299848,0.0
2020-02-26,6930.0,6935.0,6890.0,6920.0,131593,298621,0.0
2020-02-27,6900.0,6910.0,6845.0,6890.0,140869,302017,0.0
2020-02-28,6835.0,6845.0,6720.0,6725.0,267257,297082,0.0
2020-03-02,6725.0,6885.0,6705.0,6875.0,205232,290238,0.0
2020-03-03,6920.0,6985.0,6890.0,6935.0,184800,289932,0.0
2020-03-04,6935.0,6960.0,6910.0,6940.0,150360,287933,0.0
2020-03-05,6940.0,6985.0,6915.0,6945.0,148171,289309,0.0
2020-03-06,6925.0,6925.0,6860.0,6900.0,189536,279085,0.0
2020-03-09,6615.0,6680.0,6615.0,6615.0,133408,284345,0.0
2020-03-10,6530.0,6800.0,6530.0,6755.0,326890,246933,6710.0
2020-03-11,6790.0,6825.0,6705.0,6720.0,177484,245332,0.0
2020-03-12,6690.0,6715.0,6630.0,6675.0,218381,241641,0.0
2020-03-13,6630.0,6690.0,6560.0,6665.0,289834,233420,0.0
2020-03-16,6630.0,6670.0,6560.0,6565.0,197339,235193,0.0
2020-03-17,6535.0,6575.0,6460.0,6515.0,261636,237119,0.0
2020-03-18,6470.0,6540.0,6380.0,6385.0,210517,235822,6465.0
2020-03-19,6325.0,6365.0,6210.0,6340.0,248430,205641,0.0
2020-03-20,6400.0,6465.0,6335.0,6380.0,200789,194106,0.0
2020-03-23,6205.0,6290.0,6160.0,6270.0,197802,185164,0.0
2020-03-24,6330.0,6330.0,6065.0,6185.0,310925,168342,0.0
2020-03-25,6200.0,6225.0,6060.0,6110.0,267195,172492,0.0
2020-03-26,6110.0,6110.0,5790.0,5820.0,382461,170493,0.0
2020-03-27,5795.0,5820.0,5560.0,5650.0,418489,152270,0.0
2020-03-30,5535.0,5535.0,5350.0,5370.0,349362,137841,0.0
2020-03-31,5430.0,5680.0,5430.0,5565.0,321784,113428,0.0
2020-04-01,5480.0,5620.0,5415.0,5565.0,470067,325023,0.0
2020-04-02,5575.0,5845.0,5555.0,5805.0,597898,322491,0.0
2020-04-03,5850.0,5915.0,5765.0,5905.0,496266,307130,0.0
2020-04-07,5995.0,6150.0,5970.0,6115.0,463375,321672,0.0
2020-04-08,6065.0,6100.0,5910.0,5920.0,615349,364314,0.0
2020-04-09,5990.0,6070.0,5925.0,6045.0,601372,365312,0.0
2020-04-10,5900.0,6305.0,5870.0,6260.0,811355,346233,0.0
2020-04-13,6400.0,6555.0,6260.0,6330.0,1108658,372534,0.0
2020-04-14,6350.0,6375.0,6105.0,6180.0,876707,359620,0.0
2020-04-15,6090.0,6260.0,6045.0,6205.0,623747,356391,0.0
2020-04-16,6205.0,6250.0,6120.0,6225.0,555530,346010,0.0
2020-04-17,6255.0,6365.0,6125.0,6150.0,586866,355495,0.0
2020-04-20,6105.0,6140.0,6025.0,6095.0,435087,364010,0.0
2020-04-21,5980.0,6055.0,5730.0,5865.0,818647,378551,0.0
2020-04-22,5680.0,5810.0,5640.0,5730.0,779041,358788,0.0
2020-04-23,5800.0,6110.0,5800.0,6100.0,669397,351940,0.0
2020-04-24,6080.0,6175.0,6020.0,6110.0,560181,353346,0.0
2020-04-27,6085.0,6300.0,6070.0,6225.0,651184,366881,0.0
2020-04-28,6160.0,6210.0,6110.0,6145.0,452116,346682,0.0
2020-04-29,6200.0,6245.0,6055.0,6090.0,393838,339300,0.0
2020-04-30,6150.0,6190.0,6020.0,6180.0,423283,328375,0.0
2020-05-06,6330.0,6485.0,6260.0,6450.0,422975,352872,0.0
2020-05-07,6400.0,6540.0,6335.0,6340.0,552622,384828,0.0
2020-05-08,6400.0,6440.0,6300.0,6360.0,471173,379205,0.0
2020-05-11,6360.0,6380.0,6215.0,6240.0,399756,381787,0.0
2020-05-12,6230.0,6275.0,6185.0,6250.0,297392,380547,0.0
2020-05-13,6275.0,6355.0,6170.0,6295.0,431042,386751,0.0
2020-05-14,6295.0,6320.0,6230.0,6290.0,255953,378952,0.0
2020-05-15,6295.0,6410.0,6270.0,6395.0,282673,388007,0.0
2020-05-18,6385.0,6410.0,6320.0,6370.0,354804,373941,0.0
2020-05-19,6380.0,6530.0,6340.0,6365.0,442521,378240,0.0
2020-05-20,6365.0,6495.0,6330.0,6490.0,344371,381128,0.0
2020-05-21,6500.0,6595.0,6460.0,6515.0,436253,386687,0.0
2020-05-22,6515.0,6540.0,6390.0,6415.0,398959,376418,0.0
2020-05-25,6415.0,6530.0,6415.0,6490.0,323878,382452,0.0
2020-05-26,6500.0,6530.0,6450.0,6490.0,244312,384428,0.0
2020-05-27,6500.0,6560.0,6430.0,6500.0,362041,395752,0.0
2020-05-28,6520.0,6600.0,6450.0,6560.0,470775,408115,0.0
2020-05-29,6585.0,6615.0,6515.0,6515.0,427849,377239,0.0
2020-06-01,6520.0,6715.0,6515.0,6685.0,369881,389985,0.0
2020-06-02,6685.0,6775.0,6650.0,6690.0,332085,389045,0.0
2020-06-03,6695.0,6755.0,6670.0,6725.0,281384,390025,0.0
2020-06-04,6710.0,6715.0,6550.0,6570.0,401320,368435,0.0
2020-06-05,6595.0,6650.0,6570.0,6630.0,203128,363302,0.0
2020-06-08,6660.0,6685.0,6585.0,6610.0,372266,358411,0.0
2020-06-09,6575.0,6670.0,6535.0,6660.0,336783,356177,0.0
2020-06-10,6650.0,6745.0,6625.0,6650.0,363599,355677,0.0
2020-06-11,6670.0,6720.0,6610.0,6645.0,363202,355655,0.0
2020-06-12,6600.0,6695.0,6480.0,6690.0,504272,367290,0.0
2020-06-15,6695.0,6760.0,6635.0,6645.0,502588,361727,0.0
2020-06-16,6655.0,6875.0,6620.0,6850.0,525698,394658,0.0
2020-06-17,6870.0,6890.0,6780.0,6825.0,340600,385736,0.0
2020-06-18,6825.0,6930.0,6790.0,6850.0,367765,385743,0.0
2020-06-19,6850.0,6875.0,6760.0,6795.0,344639,357908,0.0
2020-06-22,6810.0,6830.0,6745.0,6785.0,279572,346818,0.0
2020-06-23,6780.0,6855.0,6775.0,6835.0,239772,342126,0.0
2020-06-24,6860.0,6895.0,6805.0,6875.0,205508,346938,0.0
2020-06-29,6810.0,6865.0,6725.0,6785.0,280990,331267,0.0
2020-06-30,6795.0,6940.0,6785.0,6900.0,335769,358005,0.0
2020-07-01,6885.0,6935.0,6865.0,6890.0,178228,354685,0.0
2020-07-02,6890.0,6920.0,6820.0,6890.0,305120,332353,0.0
2020-07-03,6895.0,7010.0,6890.0,7000.0,267692,339938,0.0
2020-07-06,7000.0,7195.0,6960.0,7180.0,366319,371680,0.0
2020-07-07,7180.0,7360.0,7135.0,7280.0,453984,372045,0.0
2020-07-08,7265.0,7485.0,7265.0,7300.0,644608,353324,0.0
2020-07-09,7315.0,7400.0,7225.0,7290.0,480833,343316,0.0
2020-07-10,7305.0,7360.0,7150.0,7225.0,455103,331100,0.0
2020-07-13,7250.0,7375.0,7230.0,7290.0,370778,325092,0.0
2020-07-14,7300.0,7430.0,7225.0,7305.0,431840,329654,0.0
2020-07-15,7300.0,7325.0,7215.0,7235.0,365815,315885,0.0
2020-07-16,7250.0,7265.0,7105.0,7120.0,413048,306753,0.0
2020-07-17,7130.0,7145.0,7050.0,7090.0,312619,304578,0.0
2020-07-20,7085.0,7180.0,7015.0,7100.0,341708,298304,7085.0
2020-07-21,7080.0,7165.0,7035.0,7060.0,289912,284030,7085.0
2020-07-22,7085.0,7150.0,6975.0,6995.0,349306,283472,7070.0
2020-07-23,6995.0,7040.0,6940.0,7025.0,303700,271453,6980.0
2020-07-24,7005.0,7050.0,6905.0,6940.0,271796,265178,6975.0
2020-07-27,6940.0,7085.0,6915.0,7050.0,272318,253268,7010.0
2020-07-28,7055.0,7155.0,7025.0,7110.0,245049,252008,7075.0
2020-07-29,7110.0,7175.0,7065.0,7095.0,218083,244928,7105.0
2020-07-30,7105.0,7155.0,7035.0,7045.0,224379,239017,7095.0
2020-07-31,7045.0,7055.0,6930.0,6985.0,258032,238967,6980.0
2020-08-03,6980.0,7115.0,6965.0,7085.0,228392,229952,7040.0
2020-08-04,7100.0,7225.0,7070.0,7190.0,254709,230194,7150.0
2020-08-05,7165.0,7310.0,7135.0,7200.0,337953,213271,7220.0
2020-08-06,7245.0,7245.0,7145.0,7180.0,178942,202441,7195.0
2020-08-07,7195.0,7285.0,7120.0,7175.0,237023,190346,7185.0
2020-08-10,7170.0,7175.0,7005.0,7070.0,222978,175929,7065.0
2020-08-11,7085.0,7105.0,7035.0,7055.0,138000,155064,7065.0
2020-08-12,7060.0,7100.0,6990.0,7025.0,199259,138254,7045.0
2020-08-13,7025.0,7060.0,6935.0,6990.0,139694,125648,6995.0
2020-08-14,6990.0,7085.0,6960.0,7035.0,135504,114540,7025.0
2020-08-17,7020.0,7120.0,7000.0,7085.0,150302,105596,7045.0
2020-08-18,7060.0,7195.0,7055.0,7175.0,124502,91473,7135.0
2020-08-19,7180.0,7195.0,7095.0,7140.0,190061,253148,7135.0
2020-08-20,7140.0,7285.0,7115.0,7250.0,294948,288345,7190.0
2020-08-21,7250.0,7250.0,7110.0,7155.0,219721,272953,7165.0
2020-08-24,7155.0,7175.0,7115.0,7130.0,136511,274421,7145.0
2020-08-25,7145.0,7270.0,7140.0,7260.0,194109,286682,7215.0
2020-08-26,7250.0,7335.0,7215.0,7250.0,205651,291170,7260.0
2020-08-27,7260.0,7380.0,7255.0,7365.0,243125,312735,7330.0
2020-08-28,7365.0,7385.0,7280.0,7335.0,170551,301692,7325.0
2020-08-31,7335.0,7520.0,7330.0,7465.0,276487,301943,7440.0
2020-09-01,7475.0,7500.0,7420.0,7480.0,168014,297644,7455.0
2020-09-02,7485.0,7785.0,7480.0,7650.0,462035,324368,7640.0
2020-09-03,7635.0,7690.0,7580.0,7640.0,252788,318669,7640.0
2020-09-04,7640.0,7745.0,7565.0,7655.0,438442,325822,7655.0
2020-09-07,7680.0,7685.0,7570.0,7590.0,248104,309245,7610.0
2020-09-08,7580.0,7690.0,7550.0,7565.0,301068,312944,7605.0
2020-09-09,7535.0,7565.0,7380.0,7510.0,374103,305976,7470.0
2020-09-10,7535.0,7550.0,7405.0,7435.0,261123,287777,7485.0
2020-09-11,7420.0,7435.0,7300.0,7415.0,284259,272103,7365.0
2020-09-14,7390.0,7455.0,7375.0,7405.0,211981,270249,7410.0
2020-09-15,7405.0,7440.0,7330.0,7360.0,255220,267167,7385.0
2020-09-16,7360.0,7450.0,7305.0,7430.0,232321,266645,7360.0
2020-09-17,7425.0,7480.0,7275.0,7305.0,312648,267763,7385.0
2020-09-18,7315.0,7420.0,7300.0,7385.0,217419,255320,7365.0
2020-09-21,7375.0,7470.0,7330.0,7425.0,267189,251755,7410.0
2020-09-22,7400.0,7410.0,7240.0,7240.0,329541,260891,7320.0
2020-09-23,7250.0,7310.0,7180.0,7235.0,272585,249773,7230.0
2020-09-24,7255.0,7275.0,7130.0,7175.0,238676,251205,7195.0
2020-09-25,7175.0,7310.0,7140.0,7295.0,318327,241153,7245.0
2020-09-28,7275.0,7355.0,7245.0,7260.0,253109,242441,7290.0
2020-09-29,7260.0,7305.0,7195.0,7265.0,227146,241157,7245.0
2020-09-30,7265.0,7270.0,7075.0,7140.0,248746,241029,7160.0
2020-10-09,7200.0,7370.0,7165.0,7355.0,189381,239527,7275.0
2020-10-12,7335.0,7485.0,7330.0,7480.0,237059,246446,7415.0
2020-10-13,7470.0,7485.0,7385.0,7415.0,185552,250830,7430.0
2020-10-14,7430.0,7485.0,7410.0,7425.0,210585,255804,7445.0
2020-10-15,7420.0,7460.0,7310.0,7315.0,290885,268423,7380.0
2020-10-16,7300.0,7370.0,7250.0,7285.0,260978,268216,7295.0
2020-10-19,7290.0,7350.0,7200.0,7250.0,301615,260681,7265.0
2020-10-20,7250.0,7300.0,7210.0,7285.0,167871,255821,7260.0
2020-10-21,7275.0,7375.0,7230.0,7270.0,272937,259291,7290.0
2020-10-22,7270.0,7315.0,7215.0,7250.0,201396,260255,7265.0
2020-10-23,7250.0,7265.0,7155.0,7195.0,233395,265247,7215.0
2020-10-26,7195.0,7245.0,7130.0,7240.0,262829,269502,7195.0
2020-10-27,7225.0,7300.0,7175.0,7255.0,228982,263583,7230.0
2020-10-28,7240.0,7315.0,7230.0,7260.0,242994,256159,7260.0
2020-10-29,7230.0,7280.0,7160.0,7185.0,326168,257129,7210.0
2020-10-30,7145.0,7270.0,7040.0,7265.0,450519,253679,7155.0
2020-11-02,7265.0,7450.0,7240.0,7445.0,441779,261014,7350.0
2020-11-03,7440.0,7540.0,7400.0,7490.0,320575,269312,7470.0
2020-11-04,7500.0,7545.0,7405.0,7415.0,290662,269216,7475.0
2020-11-05,7430.0,7460.0,7355.0,7385.0,267082,261953,7405.0
2020-11-06,7400.0,7440.0,7350.0,7390.0,215679,257662,7390.0
2020-11-09,7400.0,7460.0,7290.0,7355.0,378533,251638,7365.0
2020-11-10,7460.0,7475.0,7280.0,7310.0,321388,241144,7370.0
2020-11-11,7320.0,7390.0,7240.0,7390.0,299223,237358,7315.0
2020-11-12,7390.0,7450.0,7375.0,7420.0,246921,238814,7410.0
2020-11-13,7400.0,7610.0,7400.0,7605.0,412450,258700,7515.0
2020-11-16,7605.0,7750.0,7560.0,7655.0,367260,265872,7655.0
2020-11-17,7680.0,7715.0,7590.0,7685.0,294340,262559,7645.0
2020-11-18,7695.0,7825.0,7665.0,7770.0,413216,269579,7755.0
2020-11-19,7790.0,7910.0,7715.0,7880.0,375455,269043,7810.0
2020-11-20,7895.0,7935.0,7725.0,7740.0,325612,264618,7800.0
2020-11-23,7760.0,7970.0,7720.0,7965.0,394112,266921,7865.0
2020-11-24,7980.0,8110.0,7955.0,8040.0,401606,267104,8035.0
2020-11-25,8055.0,8080.0,7870.0,7880.0,358143,250018,7995.0
2020-11-26,7885.0,8060.0,7845.0,7855.0,356299,245802,7935.0
2020-11-27,7850.0,8010.0,7820.0,7970.0,332996,250857,7900.0
2020-11-30,7985.0,8030.0,7860.0,7955.0,320370,239382,7925.0
2020-12-01,7950.0,7965.0,7800.0,7910.0,305314,232769,7880.0
2020-12-02,7915.0,7950.0,7740.0,7775.0,376438,220376,7850.0
2020-12-03,7770.0,7800.0,7670.0,7730.0,289907,206880,7730.0
2020-12-04,7725.0,7905.0,7675.0,7895.0,314516,204885,7820.0
2020-12-07,7895.0,8020.0,7805.0,8000.0,339270,199147,7925.0
2020-12-08,8010.0,8030.0,7825.0,7875.0,258061,171309,7930.0
2020-12-09,7870.0,7940.0,7830.0,7845.0,236014,157823,7880.0
2020-12-10,7855.0,8145.0,7840.0,7890.0,390742,142388,7970.0
2020-12-11,7880.0,7995.0,7850.0,7970.0,275606,121470,7920.0
2020-12-14,7985.0,8200.0,7880.0,7950.0,373124,102487,8060.0
2020-12-15,7920.0,7955.0,7790.0,7800.0,207062,83307,7880.0
2020-12-16,7815.0,7860.0,7730.0,7825.0,329972,205670,7805.0
2020-12-17,7825.0,7890.0,7765.0,7890.0,251344,208196,7815.0
2020-12-18,7890.0,8015.0,7875.0,7955.0,277949,213675,7940.0
2020-12-21,7955.0,8035.0,7815.0,7815.0,313383,208300,7920.0
2020-12-22,7815.0,8000.0,7755.0,7760.0,409426,199504,7880.0
2020-12-23,7800.0,7830.0,7715.0,7765.0,285067,202845,7765.0
2020-12-24,7790.0,7920.0,7780.0,7900.0,311563,218406,7850.0
2020-12-25,7885.0,7905.0,7660.0,7665.0,394328,224012,7790.0
2020-12-28,7680.0,7715.0,7585.0,7585.0,330204,222595,7650.0
2020-12-29,7600.0,7630.0,7540.0,7540.0,264586,230214,7580.0
2020-12-30,7540.0,7570.0,7450.0,7565.0,291874,231225,7515.0
2020-12-31,7575.0,7735.0,7505.0,7720.0,275338,226111,7605.0
2021-01-04,7725.0,7770.0,7625.0,7760.0,217612,233607,7690.0
2021-01-05,7745.0,7825.0,7660.0,7705.0,255963,232191,7740.0
2021-01-06,7735.0,7780.0,7630.0,7640.0,272375,234267,7700.0
2021-01-07,7625.0,7745.0,7580.0,7585.0,337904,253878,7660.0
2021-01-08,7580.0,7630.0,7425.0,7455.0,383657,260106,7545.0
2021-01-11,7465.0,7590.0,7415.0,7490.0,399419,246806,7490.0
2021-01-12,7490.0,7575.0,7395.0,7560.0,342648,246551,7480.0
2021-01-13,7575.0,7640.0,7445.0,7635.0,391187,251538,7540.0
2021-01-14,7620.0,7630.0,7475.0,7560.0,360175,250045,7540.0
2021-01-15,7550.0,7640.0,7490.0,7605.0,360096,259245,7550.0
2021-01-18,7595.0,7780.0,7555.0,7760.0,408359,255064,7640.0
2021-01-19,7750.0,7805.0,7700.0,7740.0,336075,254483,7750.0
2021-01-20,7750.0,7790.0,7670.0,7680.0,277619,250332,7730.0
2021-01-21,7685.0,7815.0,7685.0,7815.0,299928,270584,7745.0
2021-01-22,7815.0,7900.0,7705.0,7880.0,431625,294298,7815.0
2021-01-25,7855.0,7970.0,7690.0,7740.0,447782,268814,7805.0
2021-01-26,7730.0,7850.0,7725.0,7750.0,324813,282066,7790.0
2021-01-27,7770.0,7870.0,7745.0,7865.0,302345,286754,7800.0
2021-01-28,7865.0,7950.0,7830.0,7935.0,393399,307249,7890.0
2021-01-29,7945.0,8030.0,7915.0,7980.0,378661,318279,7970.0
2021-02-01,8000.0,8065.0,7855.0,7865.0,374172,304107,7940.0
2021-02-02,7870.0,7910.0,7805.0,7860.0,301928,299158,7860.0
2021-02-03,7880.0,7995.0,7835.0,7980.0,307188,321199,7905.0
2021-02-04,7995.0,8085.0,7930.0,8085.0,333482,339712,8005.0
2021-02-05,8080.0,8115.0,8020.0,8045.0,284193,332243,8060.0
2021-02-08,8050.0,8120.0,7980.0,8030.0,297749,325443,8040.0
2021-02-09,8030.0,8075.0,7925.0,7995.0,292385,307343,7985.0
2021-02-10,7970.0,8010.0,7905.0,7955.0,221131,290582,7945.0
2021-02-18,8300.0,8605.0,8220.0,8585.0,367240,330731,8435.0
2021-02-19,8590.0,8825.0,8520.0,8795.0,547335,380137,8640.0
2021-02-22,8800.0,9145.0,8760.0,8995.0,658351,359400,8930.0
2021-02-23,8970.0,9120.0,8745.0,8840.0,698230,348254,8920.0
2021-02-24,8820.0,8980.0,8735.0,8735.0,588900,330014,8845.0
2021-02-25,8770.0,9075.0,8680.0,8895.0,733927,336943,8875.0
2021-02-26,8905.0,9000.0,8720.0,8885.0,588458,323330,8860.0
2021-03-01,8850.0,8960.0,8680.0,8795.0,615181,308280,8810.0
2021-03-02,8780.0,8945.0,8645.0,8905.0,560325,323727,8755.0
2021-03-03,8930.0,9075.0,8865.0,9035.0,690133,350801,8965.0
2021-03-04,9030.0,9255.0,8920.0,8940.0,814938,346266,9060.0
2021-03-05,8940.0,9000.0,8790.0,8930.0,718600,295751,8895.0
2021-03-08,8935.0,9265.0,8895.0,9145.0,619552,291027,9115.0
2021-03-09,9120.0,9180.0,8925.0,8930.0,521860,287986,9110.0
2021-03-10,8970.0,9035.0,8745.0,8765.0,575373,266312,8910.0
2021-03-11,8800.0,8990.0,8750.0,8975.0,490980,255219,8840.0
2021-03-12,8960.0,9125.0,8920.0,9030.0,523535,259524,9010.0
2021-03-15,9030.0,9165.0,8950.0,9080.0,603240,266675,9055.0
2021-03-16,9040.0,9210.0,8965.0,8980.0,559281,269021,9075.0
2021-03-17,8960.0,9000.0,8840.0,8885.0,475875,259686,8925.0
2021-03-18,8870.0,8920.0,8775.0,8800.0,508924,260181,8845.0
2021-03-19,8795.0,8805.0,8620.0,8645.0,606735,257763,8705.0
2021-03-22,8645.0,8810.0,8640.0,8670.0,426185,263865,8705.0
2021-03-23,8675.0,8695.0,8485.0,8555.0,458359,270313,8580.0
2021-03-24,8535.0,8610.0,8455.0,8585.0,426912,266663,8530.0
2021-03-25,8600.0,8695.0,8480.0,8585.0,419995,251472,8590.0
2021-03-26,8555.0,8650.0,8510.0,8645.0,391415,249516,8580.0
2021-03-29,8645.0,8810.0,8560.0,8605.0,459785,255633,8675.0
2021-03-30,8650.0,8730.0,8545.0,8575.0,389542,255708,8635.0
2021-03-31,8540.0,8595.0,8425.0,8500.0,411906,255134,8520.0
2021-04-01,8470.0,8640.0,8410.0,8625.0,363793,251454,8525.0
2021-04-02,8625.0,8755.0,8550.0,8725.0,372200,251664,8640.0
2021-04-06,8670.0,8745.0,8615.0,8710.0,266986,235799,8670.0
2021-04-07,8715.0,8905.0,8710.0,8735.0,418386,239973,8800.0
2021-04-08,8735.0,8745.0,8560.0,8610.0,311610,226068,8660.0
2021-04-09,8600.0,8635.0,8515.0,8520.0,284968,216264,8560.0
2021-04-12,8520.0,8520.0,8270.0,8290.0,378289,218090,8375.0
2021-04-13,8295.0,8335.0,8160.0,8175.0,345593,195399,8240.0
2021-04-14,8175.0,8255.0,8145.0,8235.0,252307,180575,8200.0
2021-04-15,8235.0,8400.0,8220.0,8350.0,251042,147439,8320.0
2021-04-16,8360.0,8470.0,8310.0,8355.0,186141,125678,8385.0
2021-04-19,8350.0,8430.0,8290.0,8340.0,419024,260850,8360.0
2021-04-20,8340.0,8395.0,8245.0,8260.0,348793,286259,8325.0
2021-04-21,8260.0,8260.0,8060.0,8085.0,491836,314967,8120.0
2021-04-22,8080.0,8160.0,7980.0,8130.0,511000,325122,8090.0
2021-04-23,8130.0,8155.0,8050.0,8100.0,317936,331418,8100.0
2021-04-26,8100.0,8225.0,8075.0,8120.0,522282,327598,8155.0
2021-04-27,8120.0,8205.0,8015.0,8185.0,486018,333838,8115.0
2021-04-28,8195.0,8220.0,8125.0,8190.0,354974,339485,8170.0
2021-04-29,8190.0,8235.0,8110.0,8165.0,396494,342805,8170.0
2021-04-30,8170.0,8230.0,8015.0,8040.0,485376,351689,8100.0
2021-05-06,8150.0,8290.0,8065.0,8235.0,386648,346496,8215.0
2021-05-07,8245.0,8490.0,8240.0,8475.0,536313,354047,8380.0
2021-05-10,8430.0,8500.0,8350.0,8360.0,523291,335757,8405.0
2021-05-11,8360.0,8380.0,8180.0,8245.0,525142,341018,8250.0
2021-05-12,8230.0,8395.0,8200.0,8360.0,544446,338586,8295.0
2021-05-13,8360.0,8390.0,8160.0,8205.0,604297,330672,8270.0
2021-05-14,8205.0,8230.0,8020.0,8105.0,586767,333949,8125.0
2021-05-17,8120.0,8195.0,8065.0,8080.0,456156,349185,8130.0
2021-05-18,8060.0,8120.0,8010.0,8065.0,449831,362203,8060.0
2021-05-19,8070.0,8080.0,7840.0,7920.0,668961,395788,7925.0
2021-05-20,7900.0,7900.0,7715.0,7835.0,604893,372262,7815.0
2021-05-21,7830.0,7890.0,7750.0,7810.0,474205,352448,7815.0
2021-05-24,7850.0,7905.0,7745.0,7805.0,572705,357040,7825.0
2021-05-25,7800.0,7900.0,7790.0,7830.0,434824,356369,7835.0
2021-05-26,7820.0,7910.0,7750.0,7890.0,629069,351733,7835.0
2021-05-27,7865.0,7895.0,7760.0,7765.0,563061,358080,7820.0
2021-05-28,7760.0,7875.0,7655.0,7665.0,688619,400234,7755.0
2021-05-31,7665.0,7780.0,7650.0,7755.0,471130,373709,7720.0
2021-06-01,7775.0,7900.0,7730.0,7865.0,493093,357708,7820.0
2021-06-02,7900.0,7950.0,7800.0,7815.0,464348,342729,7880.0
2021-06-03,7815.0,7895.0,7790.0,7815.0,367931,343749,7840.0
2021-06-04,7800.0,7815.0,7705.0,7725.0,470707,353344,7750.0
2021-06-07,7735.0,7755.0,7550.0,7555.0,531439,388132,7640.0
2021-06-08,7555.0,7575.0,7515.0,7550.0,407853,402752,7545.0
2021-06-09,7550.0,7650.0,7495.0,7620.0,450928,395133,7565.0
2021-06-10,7610.0,7640.0,7555.0,7615.0,363267,388895,7590.0
2021-06-11,7635.0,7695.0,7585.0,7670.0,409195,373613,7645.0
2021-06-15,7700.0,7750.0,7605.0,7670.0,348917,371888,7670.0
2021-06-16,7670.0,7760.0,7665.0,7720.0,362899,363758,7715.0
2021-06-17,7725.0,7750.0,7680.0,7725.0,404704,354555,7715.0
2021-06-18,7735.0,7835.0,7645.0,7790.0,583154,346668,7740.0
2021-06-21,7790.0,7915.0,7755.0,7895.0,569364,336785,7845.0
2021-06-22,7880.0,7975.0,7870.0,7935.0,484262,322826,7925.0
2021-06-23,7935.0,7975.0,7850.0,7900.0,569841,355759,7910.0
2021-06-24,7900.0,7965.0,7900.0,7940.0,403675,355141,7935.0
2021-06-25,7935.0,8115.0,7925.0,8075.0,663762,361549,8025.0
2021-06-28,8095.0,8245.0,8085.0,8215.0,600223,382744,8180.0
2021-06-29,8215.0,8245.0,8145.0,8170.0,410587,381194,8195.0
2021-06-30,8170.0,8235.0,8125.0,8175.0,374736,374740,8170.0
2021-07-01,8195.0,8285.0,8135.0,8190.0,482371,374698,8210.0
2021-07-02,8230.0,8295.0,8170.0,8195.0,404849,366343,8230.0
2021-07-05,8185.0,8340.0,8140.0,8280.0,474556,384046,8255.0
2021-07-06,8265.0,8335.0,8210.0,8275.0,377116,391819,8280.0
2021-07-07,8265.0,8275.0,8055.0,8065.0,512093,355478,8125.0
2021-07-08,8065.0,8135.0,8025.0,8135.0,414125,339241,8080.0
2021-07-09,8130.0,8280.0,8085.0,8280.0,371466,346832,8165.0
2021-07-12,8285.0,8435.0,8270.0,8375.0,505505,374706,8370.0
2021-07-13,8380.0,8410.0,8335.0,8385.0,340911,385644,8380.0
2021-07-14,8375.0,8380.0,8235.0,8295.0,475812,365073,8290.0
2021-07-15,8280.0,8295.0,8130.0,8225.0,479669,338704,8205.0
2021-07-16,8225.0,8380.0,8185.0,8335.0,552417,340401,8285.0
2021-07-19,8335.0,8490.0,8290.0,8465.0,504039,360980,8390.0
2021-07-20,8420.0,8440.0,8260.0,8410.0,517507,338167,8350.0
2021-07-21,8400.0,8445.0,8315.0,8365.0,389251,325200,8375.0
2021-07-22,8395.0,8500.0,8355.0,8385.0,414596,325210,8425.0
2021-07-23,8380.0,8415.0,8280.0,8325.0,379659,310609,8345.0
2021-07-26,8315.0,8335.0,8160.0,8165.0,424648,306683,8240.0
2021-07-27,8195.0,8240.0,8120.0,8130.0,345739,301387,8175.0
2021-07-28,8150.0,8260.0,8055.0,8235.0,426033,281214,8160.0
2021-07-29,8225.0,8315.0,8225.0,8305.0,307769,267444,8280.0
2021-07-30,8280.0,8360.0,8245.0,8320.0,325533,264469,8310.0
2021-08-02,8320.0,8320.0,8165.0,8175.0,393387,251042,8230.0
2021-08-03,8190.0,8190.0,8040.0,8040.0,347948,252488,8110.0
2021-08-04,8015.0,8100.0,7980.0,8070.0,318673,244514,8035.0
2021-08-05,8045.0,8145.0,8040.0,8055.0,287718,238094,8085.0
2021-08-06,8060.0,8120.0,8020.0,8075.0,269784,230288,8065.0
2021-08-09,8080.0,8150.0,7990.0,8100.0,373592,219643,8075.0
2021-08-10,8100.0,8265.0,8080.0,8265.0,362645,198430,8160.0
2021-08-11,8255.0,8295.0,8240.0,8285.0,264144,186583,8265.0
2021-08-12,8255.0,8320.0,8225.0,8280.0,232825,171050,8275.0
2021-08-13,8295.0,8380.0,8270.0,8355.0,250258,159329,8325.0
2021-08-16,8355.0,8395.0,8310.0,8375.0,207150,136515,8355.0
2021-08-17,8375.0,8435.0,8340.0,8430.0,171093,127548,8395.0
2021-08-18,8425.0,8440.0,8355.0,8380.0,363161,253916,8400.0
2021-08-19,8380.0,8385.0,8150.0,8155.0,409659,260334,8250.0
2021-08-20,8140.0,8170.0,8080.0,8130.0,361388,260002,8125.0
2021-08-23,8095.0,8190.0,8075.0,8175.0,373361,254931,8125.0
2021-08-24,8180.0,8300.0,8170.0,8270.0,348145,255563,8245.0
2021-08-25,8270.0,8295.0,8225.0,8235.0,246672,259934,8260.0
2021-08-26,8250.0,8255.0,8080.0,8090.0,347286,270580,8160.0
2021-08-27,8090.0,8150.0,8065.0,8115.0,298914,273750,8105.0
2021-08-30,8125.0,8260.0,8095.0,8190.0,462261,267241,8185.0
2021-08-31,8190.0,8205.0,8020.0,8035.0,414135,300917,8100.0
2021-09-01,8035.0,8095.0,7980.0,8075.0,405012,312279,8030.0
2021-09-02,8080.0,8285.0,8060.0,8285.0,446858,288740,8160.0
2021-09-03,8280.0,8390.0,8280.0,8375.0,424181,311256,8340.0
2021-09-06,8375.0,8380.0,8275.0,8330.0,330693,305905,8315.0
2021-09-07,8350.0,8485.0,8335.0,8465.0,416304,338440,8415.0
2021-09-08,8460.0,8575.0,8385.0,8520.0,515789,357683,8485.0
2021-09-09,8545.0,8545.0,8430.0,8455.0,382970,349548,8490.0
2021-09-10,8440.0,8560.0,8415.0,8490.0,438401,354461,8485.0
2021-09-13,8510.0,8650.0,8500.0,8515.0,514764,363565,8570.0
2021-09-14,8510.0,8625.0,8420.0,8565.0,554230,359601,8530.0
2021-09-15,8575.0,8985.0,8470.0,8980.0,764154,404494,8715.0
2021-09-16,9005.0,9275.0,8910.0,8930.0,891110,382461,9125.0
2021-09-17,8915.0,8965.0,8685.0,8760.0,743713,335302,8845.0
2021-09-22,8750.0,8950.0,8670.0,8870.0,448521,326936,8800.0
2021-09-23,8870.0,9030.0,8765.0,8915.0,609531,338915,8865.0
2021-09-24,8915.0,9085.0,8815.0,9035.0,680918,341559,8965.0
2021-09-27,9045.0,9480.0,8965.0,9235.0,739757,341051,9225.0
2021-09-28,9235.0,9545.0,9230.0,9480.0,558002,343172,9365.0
2021-09-29,9495.0,9595.0,9230.0,9385.0,512437,316778,9385.0
2021-09-30,9435.0,9975.0,9300.0,9910.0,523681,322940,9570.0
2021-10-08,10055.0,10250.0,9630.0,9800.0,366385,330883,9835.0
2021-10-11,9795.0,10325.0,9775.0,10000.0,661565,351979,10015.0
2021-10-12,10000.0,10090.0,9760.0,9885.0,679164,333149,9955.0
2021-10-13,9935.0,10065.0,9335.0,9600.0,877482,323635,9775.0
2021-10-14,9605.0,9645.0,9405.0,9535.0,614205,311450,9520.0
2021-10-15,9555.0,9685.0,9370.0,9600.0,588538,310945,9485.0
2021-10-18,9585.0,9750.0,9455.0,9690.0,605370,311441,9590.0
2021-10-19,9740.0,9820.0,9525.0,9585.0,561129,309310,9660.0
2021-10-20,9510.0,9515.0,9185.0,9210.0,656922,288688,9300.0
2021-10-21,9210.0,9500.0,9190.0,9305.0,582963,289648,9360.0
2021-10-22,9230.0,9395.0,8950.0,9145.0,738754,274705,9185.0
2021-10-25,9200.0,9215.0,9020.0,9065.0,513443,268747,9120.0
2021-10-26,9095.0,9150.0,8895.0,9035.0,530432,273709,9020.0
2021-10-27,8985.0,9060.0,8650.0,8710.0,546215,270806,8895.0
2021-10-28,8730.0,8875.0,8570.0,8760.0,593760,246379,8700.0
2021-10-29,8740.0,8885.0,8715.0,8765.0,478239,237343,8785.0
2021-11-01,8800.0,8960.0,8763.0,8801.0,398644,237430,8882.0
2021-11-02,8815.0,8906.0,8546.0,8668.0,445509,236500,8738.0
2021-11-03,8700.0,8880.0,8580.0,8850.0,444501,238223,8705.0
2021-11-04,8820.0,8864.0,8580.0,8718.0,579962,244435,8690.0
2021-11-05,8750.0,8980.0,8750.0,8919.0,728812,270318,8860.0
2021-11-08,8943.0,9040.0,8802.0,8901.0,628644,263464,8933.0
2021-11-09,8901.0,8993.0,8843.0,8865.0,535738,264707,8916.0
2021-11-10,8860.0,9020.0,8734.0,8919.0,697861,266097,8857.0
2021-11-11,8919.0,8988.0,8803.0,8956.0,584017,253136,8887.0
2021-11-12,8965.0,9138.0,8887.0,9016.0,801683,279321,9042.0
2021-11-15,9001.0,9108.0,8740.0,8742.0,762833,269737,8940.0
2021-11-16,8738.0,8779.0,8583.0,8727.0,789593,254978,8688.0
2021-11-17,8716.0,8771.0,8650.0,8728.0,577773,255079,8708.0
2021-11-18,8720.0,8787.0,8640.0,8672.0,666297,246554,8718.0
2021-11-19,8674.0,8924.0,8594.0,8825.0,753962,244762,8734.0
2021-11-22,8750.0,8830.0,8634.0,8737.0,628442,236033,8744.0
2021-11-23,8737.0,8955.0,8678.0,8905.0,590501,263132,8822.0
2021-11-24,8900.0,9029.0,8857.0,8907.0,513994,258485,8929.0
2021-11-25,8910.0,8973.0,8820.0,8889.0,429490,242754,8901.0
2021-11-26,8890.0,8913.0,8663.0,8665.0,487702,221436,8785.0
2021-11-29,8580.0,8664.0,8511.0,8600.0,494681,223254,8598.0
2021-11-30,8636.0,8649.0,8434.0,8435.0,489911,220394,8569.0
2021-12-01,8410.0,8596.0,8392.0,8508.0,452260,205231,8477.0
2021-12-02,8560.0,8596.0,8371.0,8377.0,403434,205676,8482.0
2021-12-03,8370.0,8550.0,8300.0,8547.0,473976,196500,8399.0
2021-12-06,8574.0,8698.0,8511.0,8649.0,414535,191493,8625.0
2021-12-07,8644.0,8672.0,8505.0,8568.0,336529,180371,8585.0
2021-12-08,8579.0,8632.0,8464.0,8477.0,314428,176462,8532.0
2021-12-09,8489.0,8609.0,8430.0,8460.0,320540,169131,8517.0
2021-12-10,8440.0,8461.0,8273.0,8282.0,342863,158247,8355.0
2021-12-13,8282.0,8507.0,8282.0,8505.0,309915,138541,8368.0
2021-12-14,8505.0,8599.0,8466.0,8566.0,260697,130659,8561.0
2021-12-15,8566.0,8633.0,8370.0,8375.0,270043,117405,8477.0
2021-12-16,8375.0,8436.0,8335.0,8410.0,217181,103411,8378.0
2021-12-17,8399.0,8533.0,8364.0,8523.0,190390,83219,8449.0
2021-12-20,8440.0,8546.0,8386.0,8456.0,464128,213349,8471.0
2021-12-21,8456.0,8582.0,8438.0,8495.0,500860,239772,8521.0
2021-12-22,8495.0,8554.0,8432.0,8490.0,384967,242448,8489.0
2021-12-23,8500.0,8538.0,8433.0,8521.0,354230,247301,8496.0
2021-12-24,8550.0,8634.0,8530.0,8598.0,416782,256761,8585.0
2021-12-27,8598.0,8660.0,8376.0,8382.0,484021,247967,8513.0
2021-12-28,8382.0,8515.0,8350.0,8503.0,441930,248368,8425.0
2021-12-29,8517.0,8600.0,8487.0,8599.0,403497,265781,8549.0
2021-12-30,8598.0,8606.0,8529.0,8596.0,307154,267086,0.0
2021-12-31,8590.0,8633.0,8460.0,8522.0,404394,253654,8537.0
2022-01-04,8528.0,8768.0,8528.0,8736.0,394454,308744,8720.0
2022-01-05,8736.0,8748.0,8570.0,8591.0,384344,289356,8650.0
2022-01-06,8591.0,8695.0,8591.0,8687.0,357497,296260,8644.0
2022-01-07,8725.0,8839.0,8669.0,8759.0,487558,311369,8760.0
2022-01-10,8750.0,8759.0,8582.0,8590.0,389478,275578,8657.0
2022-01-11,8580.0,8640.0,8500.0,8638.0,385765,278821,8553.0
2022-01-12,8638.0,8785.0,8638.0,8775.0,479819,290585,8711.0
2022-01-13,8788.0,8804.0,8714.0,8754.0,364279,293387,8765.0
2022-01-14,8754.0,8882.0,8735.0,8859.0,447395,309975,8817.0
2022-01-17,8859.0,8896.0,8744.0,8774.0,413141,293791,8799.0
2022-01-18,8774.0,8899.0,8710.0,8888.0,420589,320156,8799.0
2022-01-19,8870.0,8976.0,8857.0,8932.0,418574,324910,8915.0
2022-01-20,8945.0,8994.0,8888.0,8989.0,343046,328406,8945.0
2022-01-21,8989.0,9000.0,8806.0,8967.0,525497,324503,8920.0
2022-01-24,8945.0,9096.0,8883.0,8888.0,523012,308363,8983.0
2022-01-25,8888.0,8935.0,8837.0,8891.0,330088,309176,8880.0
2022-01-26,8860.0,9069.0,8853.0,9064.0,411668,334525,8987.0
2022-01-27,9070.0,9144.0,9033.0,9044.0,376805,321572,9079.0
2022-01-28,9070.0,9113.0,8877.0,8890.0,397194,291960,9004.0
2022-02-07,9061.0,9512.0,9058.0,9448.0,486476,331516,9409.0
2022-02-08,9428.0,9461.0,9282.0,9330.0,472383,330772,9334.0
2022-02-09,9240.0,9276.0,9023.0,9031.0,527166,321940,9140.0
2022-02-10,9032.0,9122.0,9006.0,9064.0,381493,328435,9061.0
2022-02-11,9064.0,9146.0,8938.0,8957.0,568673,329346,9044.0
2022-02-14,9003.0,9078.0,8914.0,8934.0,490189,328387,8987.0
2022-02-15,8890.0,9096.0,8842.0,8943.0,596053,332305,8947.0
2022-02-16,8893.0,8898.0,8800.0,8876.0,493541,327911,8853.0
2022-02-17,8900.0,8900.0,8660.0,8685.0,514116,328887,8758.0
2022-02-18,8720.0,8780.0,8670.0,8732.0,350400,316054,8736.0
2022-02-21,8680.0,8730.0,8638.0,8693.0,418997,319396,8683.0
2022-02-22,8693.0,8813.0,8675.0,8685.0,426319,332315,8742.0
2022-02-23,8707.0,8835.0,8686.0,8799.0,390302,339561,8773.0
2022-02-24,8799.0,8932.0,8799.0,8839.0,504225,335186,8847.0
2022-02-25,8936.0,9032.0,8751.0,8807.0,615251,314961,8889.0
2022-02-28,8820.0,8877.0,8715.0,8835.0,475602,310916,8798.0
2022-03-01,8800.0,8959.0,8725.0,8953.0,473593,313431,8826.0
2022-03-02,9040.0,9246.0,8980.0,9124.0,610522,320086,9098.0
2022-03-03,9125.0,9325.0,9102.0,9319.0,511463,333050,9196.0
2022-03-04,9300.0,9335.0,9076.0,9132.0,520318,314956,9186.0
2022-03-07,9140.0,9518.0,9128.0,9421.0,568796,317113,9365.0
2022-03-08,9372.0,9410.0,9152.0,9399.0,571396,305352,9297.0
2022-03-09,9435.0,9886.0,9362.0,9693.0,750558,317730,9673.0
2022-03-10,9580.0,9588.0,9185.0,9364.0,647374,287585,9375.0
2022-03-11,9403.0,9535.0,9241.0,9282.0,548170,278067,9376.0
2022-03-14,9270.0,9270.0,9002.0,9056.0,469126,275388,9125.0
2022-03-15,9012.0,9020.0,8760.0,8766.0,429714,268769,8889.0
2022-03-16,8766.0,8911.0,8710.0,8865.0,403326,267215,8823.0
2022-03-17,8865.0,8921.0,8780.0,8891.0,357567,274923,8858.0
2022-03-18,8991.0,9050.0,8898.0,9044.0,399076,288298,8959.0
2022-03-21,8980.0,9086.0,8945.0,8972.0,443315,280769,9007.0
2022-03-22,8980.0,9053.0,8938.0,8950.0,378524,285072,8996.0
2022-03-23,8916.0,9012.0,8874.0,9006.0,340300,280790,8938.0
2022-03-24,9160.0,9187.0,9027.0,9041.0,431274,278252,9130.0
2022-03-25,9041.0,9144.0,9041.0,9137.0,319301,279161,9098.0
2022-03-28,9100.0,9275.0,9075.0,9219.0,433467,280180,9182.0
2022-03-29,9207.0,9343.0,9165.0,9310.0,426302,284549,9244.0
2022-03-30,9222.0,9369.0,9176.0,9291.0,473770,268114,9256.0
2022-03-31,9291.0,9293.0,9120.0,9169.0,436603,243721,9191.0
2022-04-01,9150.0,9183.0,9031.0,9053.0,402787,228176,9102.0
2022-04-06,9080.0,9135.0,8985.0,9067.0,262051,214227,9073.0
2022-04-07,9067.0,9200.0,9046.0,9048.0,336976,208113,9126.0
2022-04-08,9048.0,9078.0,8891.0,8980.0,356482,193392,8985.0
2022-04-11,9005.0,9009.0,8787.0,8877.0,329709,181417,8891.0
2022-04-12,8863.0,8940.0,8780.0,8932.0,277687,165277,8848.0
2022-04-13,8955.0,8980.0,8817.0,8836.0,268015,153721,8900.0
2022-04-14,8900.0,8944.0,8869.0,8892.0,219795,141087,8905.0
2022-04-15,8892.0,8913.0,8786.0,8829.0,261045,125832,8857.0
2022-04-18,8829.0,9050.0,8772.0,9034.0,291831,104374,8935.0
2022-04-19,9039.0,9122.0,8990.0,8991.0,195300,85529,9057.0
2022-04-20,9025.0,9025.0,8950.0,8971.0,306655,234343,8983.0
2022-04-21,8960.0,8993.0,8920.0,8955.0,287018,249708,8954.0
2022-04-22,8955.0,8968.0,8854.0,8872.0,321826,260546,8905.0
2022-04-25,8888.0,8899.0,8603.0,8644.0,435171,274477,8735.0
2022-04-26,8600.0,8724.0,8583.0,8625.0,344515,278860,8646.0
2022-04-27,8640.0,8702.0,8630.0,8681.0,296430,278291,8666.0
2022-04-28,8662.0,8710.0,8628.0,8680.0,344386,273292,8671.0
2022-04-29,8680.0,8806.0,8625.0,8765.0,394177,275088,8717.0
2022-05-05,8850.0,8936.0,8815.0,8926.0,284452,266415,8890.0
2022-05-06,8960.0,8999.0,8823.0,8825.0,347198,268158,8906.0
2022-05-09,8825.0,8835.0,8680.0,8704.0,389943,274284,8748.0
2022-05-10,8650.0,8694.0,8565.0,8636.0,400053,275909,8635.0
2022-05-11,8658.0,8698.0,8575.0,8682.0,340620,281013,8645.0
2022-05-12,8682.0,8736.0,8599.0,8609.0,372026,286829,8665.0
2022-05-13,8609.0,8688.0,8590.0,8647.0,318018,285308,8651.0
2022-05-16,8683.0,8748.0,8636.0,8669.0,373905,281426,8675.0
2022-05-17,8682.0,8780.0,8660.0,8719.0,356526,282330,8718.0
2022-05-18,8760.0,8764.0,8657.0,8659.0,317988,283948,8705.0
2022-05-19,8659.0,8703.0,8580.0,8582.0,373768,292437,8639.0
2022-05-20,8550.0,8614.0,8464.0,8468.0,482333,343351,8550.0
2022-05-23,8468.0,8567.0,8460.0,8535.0,393069,343795,8520.0
2022-05-24,8535.0,8584.0,8472.0,8494.0,347788,344117,8534.0
2022-05-25,8511.0,8575.0,8474.0,8542.0,366059,335107,8522.0
2022-05-26,8540.0,8750.0,8525.0,8749.0,562210,320342,8648.0
2022-05-27,8749.0,8850.0,8725.0,8794.0,485478,305951,8796.0
2022-05-30,8794.0,8880.0,8747.0,8874.0,381533,326296,8812.0
2022-05-31,8874.0,9003.0,8854.0,8996.0,360704,340537,8920.0
2022-06-01,9003.0,9033.0,8927.0,9015.0,363585,349446,8990.0
2022-06-02,9020.0,9093.0,8966.0,9048.0,494356,356990,9033.0
2022-06-06,9118.0,9171.0,9017.0,9023.0,382868,370964,9082.0
2022-06-07,9023.0,9126.0,9006.0,9051.0,366905,374338,9064.0
2022-06-08,9051.0,9167.0,9005.0,9144.0,421609,386862,9099.0
2022-06-09,9189.0,9250.0,9104.0,9118.0,442246,386532,9185.0
2022-06-10,9123.0,9146.0,9054.0,9110.0,388981,394719,9103.0
2022-06-13,9139.0,9178.0,8952.0,8982.0,616111,390348,9059.0
2022-06-14,8980.0,9028.0,8902.0,8959.0,417797,395965,8959.0
2022-06-15,8978.0,9025.0,8885.0,8889.0,423273,384386,8958.0
2022-06-16,8860.0,8907.0,8748.0,8751.0,422232,377697,8841.0
2022-06-17,8720.0,8785.0,8658.0,8698.0,468864,347557,8717.0
2022-06-20,8698.0,8717.0,8582.0,8592.0,447554,335389,8653.0
2022-06-21,8590.0,8658.0,8543.0,8578.0,370124,325231,8599.0
2022-06-22,8565.0,8638.0,8480.0,8482.0,378020,328144,8557.0
2022-06-23,8480.0,8527.0,8394.0,8481.0,438275,333932,8457.0
2022-06-24,8490.0,8551.0,8320.0,8330.0,469680,352595,8432.0
2022-06-27,8398.0,8516.0,8292.0,8438.0,491923,332771,8417.0
2022-06-28,8438.0,8563.0,8421.0,8545.0,389387,321525,8489.0
2022-06-29,8545.0,8558.0,8404.0,8503.0,407169,328501,8478.0
2022-06-30,8530.0,8545.0,8431.0,8447.0,426270,327388,8484.0
2022-07-01,8452.0,8452.0,8310.0,8341.0,471681,339393,8379.0
2022-07-04,8371.0,8529.0,8311.0,8523.0,428488,342095,8409.0
2022-07-05,8546.0,8598.0,8492.0,8504.0,397788,329735,8533.0
2022-07-06,8496.0,8496.0,8132.0,8252.0,604622,351641,8251.0
2022-07-07,8230.0,8280.0,8076.0,8208.0,561112,354030,8168.0
2022-07-08,8248.0,8396.0,8241.0,8357.0,414794,339066,8335.0
2022-07-11,8324.0,8368.0,8084.0,8148.0,476508,348320,8215.0
2022-07-12,8115.0,8121.0,7971.0,8023.0,476590,365959,8035.0
2022-07-13,7980.0,8039.0,7851.0,7948.0,504551,365260,7957.0
2022-07-14,7900.0,8024.0,7864.0,7922.0,368759,365243,7943.0
2022-07-15,7900.0,7900.0,7557.0,7568.0,518706,388122,7779.0
2022-07-18,7635.0,7930.0,7543.0,7927.0,699587,369126,7734.0
2022-07-19,7932.0,8023.0,7787.0,7857.0,527034,364346,7934.0
2022-07-20,7827.0,7993.0,7781.0,7850.0,536630,351432,7888.0
2022-07-21,7844.0,7844.0,7635.0,7675.0,533595,362640,7739.0
2022-07-22,7632.0,7738.0,7581.0,7729.0,504593,358452,7648.0
2022-07-25,7690.0,7890.0,7685.0,7825.0,496226,334113,7808.0
2022-07-26,7865.0,7955.0,7785.0,7906.0,418607,319436,7860.0
2022-07-27,7890.0,7954.0,7842.0,7912.0,340433,313736,7892.0
2022-07-28,7930.0,8083.0,7907.0,8059.0,423159,300364,7999.0
2022-07-29,8059.0,8137.0,8041.0,8105.0,338505,290767,8083.0
2022-08-01,8110.0,8185.0,8028.0,8086.0,430472,284320,8109.0
2022-08-02,8040.0,8116.0,8000.0,8079.0,421979,271330,8061.0
2022-08-03,8080.0,8125.0,8034.0,8044.0,377003,265724,8077.0
2022-08-04,8073.0,8090.0,7803.0,7842.0,434720,278096,7939.0
2022-08-05,7842.0,7863.0,7748.0,7787.0,346714,276059,7808.0
2022-08-08,7741.0,7969.0,7727.0,7951.0,356594,258113,7854.0
2022-08-09,7930.0,7979.0,7871.0,7885.0,276351,246866,7922.0
2022-08-10,7922.0,7970.0,7755.0,7770.0,316266,236283,7848.0
2022-08-11,7770.0,7894.0,7770.0,7861.0,289392,207430,7849.0
2022-08-12,7862.0,7894.0,7778.0,7852.0,291479,200888,7829.0
2022-08-15,7840.0,7987.0,7782.0,7796.0,343824,187762,7859.0
2022-08-16,7723.0,7811.0,7683.0,7699.0,291359,179579,7744.0
2022-08-17,7699.0,7763.0,7602.0,7608.0,289449,154072,7684.0
2022-08-18,7600.0,7727.0,7592.0,7611.0,208317,116083,7667.0
2022-08-19,7455.0,7514.0,7411.0,7491.0,375395,311751,7469.0
2022-08-22,7470.0,7587.0,7452.0,7480.0,386571,318758,7517.0
2022-08-23,7500.0,7577.0,7450.0,7489.0,314696,330549,7502.0
2022-08-24,7500.0,7609.0,7486.0,7605.0,364402,327519,7550.0
2022-08-25,7605.0,7694.0,7605.0,7632.0,363135,323889,7646.0
2022-08-26,7640.0,7739.0,7630.0,7735.0,360465,315713,7677.0
2022-08-29,7735.0,7786.0,7666.0,7690.0,387642,318297,7725.0
2022-08-30,7698.0,7792.0,7678.0,7729.0,340733,331683,7735.0
2022-08-31,7700.0,7741.0,7624.0,7660.0,355888,339030,7692.0
2022-09-01,7640.0,7747.0,7620.0,7737.0,334171,341197,7699.0
2022-09-02,7710.0,7814.0,7670.0,7787.0,540411,352115,7751.0
2022-09-05,7810.0,7973.0,7775.0,7966.0,441184,374220,7889.0
2022-09-06,7950.0,8100.0,7948.0,8097.0,425826,399592,8010.0
2022-09-07,8072.0,8130.0,8037.0,8085.0,433274,416039,8081.0
2022-09-08,8100.0,8106.0,7994.0,8085.0,504570,409322,8051.0
2022-09-09,8095.0,8216.0,8058.0,8211.0,396005,414345,8135.0
2022-09-13,8260.0,8290.0,8175.0,8207.0,303063,420486,8219.0
2022-09-14,8200.0,8240.0,8092.0,8141.0,389873,417878,8152.0
2022-09-15,8129.0,8182.0,8075.0,8089.0,348614,424044,8141.0
2022-09-16,8089.0,8143.0,8037.0,8135.0,338863,433009,8080.0
2022-09-19,8130.0,8194.0,8018.0,8035.0,367279,425473,8110.0
2022-09-20,8026.0,8126.0,8002.0,8045.0,317190,425310,8055.0
2022-09-21,8048.0,8097.0,7978.0,8076.0,402409,420912,8040.0
2022-09-22,8060.0,8137.0,7997.0,8124.0,444489,411644,8067.0
2022-09-23,8150.0,8168.0,8020.0,8037.0,383321,397233,8087.0
2022-09-26,8040.0,8040.0,7886.0,7892.0,455278,391449,7966.0
2022-09-27,7910.0,7967.0,7861.0,7961.0,354991,378622,7910.0
2022-09-28,7945.0,7972.0,7913.0,7924.0,295438,375549,7938.0
2022-09-29,7967.0,8183.0,7959.0,8163.0,442239,388822,8057.0
2022-09-30,8163.0,8184.0,8051.0,8074.0,322720,363444,8117.0
2022-10-10,8335.0,8390.0,8246.0,8365.0,364260,387338,8326.0
2022-10-11,8375.0,8375.0,8181.0,8198.0,335791,386397,8276.0
2022-10-12,8198.0,8199.0,8040.0,8105.0,376127,383660,8117.0
2022-10-13,8092.0,8101.0,7888.0,7897.0,419227,410402,7985.0
2022-10-14,7870.0,7939.0,7815.0,7917.0,348181,417962,7898.0
2022-10-17,7896.0,7926.0,7791.0,7809.0,421259,421870,7855.0
2022-10-18,7840.0,7845.0,7753.0,7790.0,346373,441740,7796.0
2022-10-19,7790.0,7798.0,7718.0,7760.0,339193,447632,7757.0
2022-10-20,7770.0,7841.0,7741.0,7764.0,397760,455153,7785.0
2022-10-21,7787.0,7808.0,7723.0,7726.0,344678,456464,7767.0
2022-10-24,7728.0,7834.0,7709.0,7752.0,420629,448337,7774.0
2022-10-25,7748.0,7756.0,7661.0,7685.0,414552,449967,7706.0
2022-10-26,7686.0,7763.0,7646.0,7676.0,344535,445069,7704.0
2022-10-27,7676.0,7771.0,7676.0,7692.0,325306,447371,7713.0
2022-10-28,7713.0,7743.0,7608.0,7734.0,461135,445232,7663.0
2022-10-31,7730.0,7763.0,7488.0,7535.0,574263,456031,7624.0
2022-11-01,7520.0,7750.0,7508.0,7721.0,458635,430882,7621.0
2022-11-02,7759.0,7820.0,7704.0,7775.0,417441,414700,7753.0
2022-11-03,7740.0,7781.0,7660.0,7760.0,415841,402273,7721.0
2022-11-04,7753.0,7895.0,7716.0,7870.0,410130,403962,7806.0
2022-11-07,7898.0,7950.0,7731.0,7768.0,475682,378615,7837.0
2022-11-08,7780.0,7799.0,7687.0,7731.0,333670,376029,7739.0
2022-11-09,7748.0,7840.0,7728.0,7822.0,393775,366157,7795.0
2022-11-10,7770.0,7822.0,7641.0,7661.0,392677,374706,7745.0
2022-11-11,7666.0,7855.0,7641.0,7835.0,449487,363534,7754.0
2022-11-14,7853.0,7934.0,7843.0,7877.0,425726,360082,7879.0
2022-11-15,7869.0,7927.0,7847.0,7895.0,305384,352682,7889.0
2022-11-16,7870.0,7957.0,7863.0,7946.0,340408,346365,7910.0
2022-11-17,7956.0,7977.0,7844.0,7890.0,356024,337520,7899.0
2022-11-18,7872.0,7994.0,7840.0,7973.0,464628,353719,7918.0
2022-11-21,7955.0,7961.0,7751.0,7788.0,476433,342739,7840.0
2022-11-22,7805.0,7853.0,7777.0,7799.0,307334,328744,7810.0
2022-11-23,7822.0,7919.0,7820.0,7900.0,426038,317612,7883.0
2022-11-24,7870.0,8025.0,7870.0,7981.0,405297,329722,7956.0
2022-11-25,7981.0,8050.0,7948.0,8031.0,316509,327904,8002.0
2022-11-28,8056.0,8062.0,7854.0,7892.0,419641,291205,7948.0
2022-11-29,7895.0,8035.0,7893.0,8018.0,287361,293847,7976.0
2022-11-30,8018.0,8082.0,8001.0,8043.0,327408,290638,8038.0
2022-12-01,8055.0,8118.0,8055.0,8100.0,302639,296260,8091.0
2022-12-02,8110.0,8149.0,8075.0,8140.0,282218,301048,8114.0
2022-12-05,8148.0,8230.0,8098.0,8129.0,352855,290614,8156.0
2022-12-06,8130.0,8150.0,8043.0,8087.0,234397,279321,8095.0
2022-12-07,8078.0,8083.0,7953.0,7985.0,294888,246446,8014.0
2022-12-08,8008.0,8042.0,7955.0,7994.0,240308,234555,8000.0
2022-12-09,8000.0,8133.0,7973.0,8122.0,263932,228928,8040.0
2022-12-12,8127.0,8278.0,8110.0,8172.0,292929,221928,8194.0
2022-12-13,8140.0,8184.0,8088.0,8102.0,221234,197700,8138.0
2022-12-14,8124.0,8223.0,8110.0,8172.0,225988,163321,8171.0
2022-12-15,8174.0,8261.0,8156.0,8245.0,208804,138001,8209.0
2022-12-16,8270.0,8273.0,8164.0,8235.0,332871,333594,8227.0
2022-12-19,8208.0,8280.0,8103.0,8112.0,361424,337293,8189.0
2022-12-20,8110.0,8238.0,8105.0,8181.0,295519,345454,8170.0
2022-12-21,8170.0,8202.0,8147.0,8184.0,226689,350947,8174.0
2022-12-22,8188.0,8238.0,8124.0,8141.0,275272,358031,8190.0
2022-12-23,8178.0,8178.0,7944.0,7965.0,394443,346576,8043.0
2022-12-26,7970.0,8030.0,7950.0,8015.0,262076,338461,7986.0
2022-12-27,8026.0,8182.0,7980.0,8167.0,312771,339140,8071.0
2022-12-28,8185.0,8185.0,8118.0,8142.0,222705,342376,8150.0
2022-12-29,8142.0,8152.0,8021.0,8025.0,282361,331794,8080.0
2022-12-30,8045.0,8170.0,8011.0,8159.0,316995,338777,8078.0
2023-01-03,8150.0,8220.0,8083.0,8202.0,263838,357600,8159.0
2023-01-04,8185.0,8200.0,8060.0,8071.0,309053,350893,8131.0
2023-01-05,8030.0,8066.0,7981.0,8008.0,297724,359855,8017.0
2023-01-06,8011.0,8053.0,7980.0,8031.0,256578,356019,8015.0
2023-01-09,8014.0,8050.0,7970.0,8006.0,268068,355906,8014.0
2023-01-10,8040.0,8041.0,7914.0,7984.0,345067,363496,7970.0
2023-01-11,8030.0,8076.0,7983.0,8063.0,260381,347084,8031.0
2023-01-12,8063.0,8154.0,8060.0,8127.0,307441,346343,8123.0
2023-01-13,8127.0,8298.0,8127.0,8268.0,359014,383416,8227.0
2023-01-16,8278.0,8362.0,8258.0,8323.0,327086,407317,8300.0
2023-01-17,8308.0,8377.0,8289.0,8352.0,239885,424293,8335.0
2023-01-18,8388.0,8442.0,8349.0,8417.0,237088,425262,8398.0
2023-01-19,8420.0,8490.0,8399.0,8442.0,215461,430170,8445.0
2023-01-20,8423.0,8515.0,8422.0,8515.0,190999,424945,8469.0
2023-01-30,8515.0,8610.0,8464.0,8510.0,254807,449582,8532.0
2023-01-31,8520.0,8524.0,8386.0,8394.0,289783,447053,8453.0
2023-02-01,8400.0,8480.0,8380.0,8420.0,229706,445952,8419.0
2023-02-02,8438.0,8470.0,8321.0,8324.0,310493,439835,8403.0
2023-02-03,8320.0,8340.0,8235.0,8279.0,259762,414946,8289.0
2023-02-06,8279.0,8305.0,8165.0,8205.0,306650,403510,8226.0
2023-02-07,8205.0,8212.0,8115.0,8159.0,284808,400617,8157.0
2023-02-08,8159.0,8182.0,8113.0,8168.0,247634,394409,8146.0
2023-02-09,8161.0,8256.0,8146.0,8224.0,312409,395737,8205.0
2023-02-10,8200.0,8222.0,8078.0,8142.0,369661,382453,8146.0
2023-02-13,8200.0,8200.0,8140.0,8145.0,298713,378479,8168.0
2023-02-14,8151.0,8216.0,8127.0,8176.0,320015,378319,8170.0
2023-02-15,8170.0,8223.0,8143.0,8167.0,314139,382080,8174.0
2023-02-16,8175.0,8227.0,8157.0,8196.0,268480,381379,8194.0
2023-02-17,8178.0,8264.0,8178.0,8220.0,307069,377425,8219.0
2023-02-20,8206.0,8296.0,8158.0,8290.0,329766,384845,8230.0
2023-02-21,8300.0,8399.0,8294.0,8370.0,302701,399523,8360.0
2023-02-22,8350.0,8390.0,8297.0,8324.0,282491,397504,8355.0
2023-02-23,8354.0,8356.0,8316.0,8328.0,254663,396635,8334.0
2023-02-24,8339.0,8365.0,8260.0,8335.0,342798,391085,8321.0
2023-02-27,8314.0,8351.0,8257.0,8268.0,328660,392482,8294.0
2023-02-28,8289.0,8328.0,8263.0,8319.0,292017,404326,8294.0
2023-03-01,8322.0,8400.0,8313.0,8398.0,271876,429170,8354.0
2023-03-02,8386.0,8434.0,8365.0,8382.0,298777,438869,8397.0
2023-03-03,8382.0,8400.0,8315.0,8367.0,311413,432799,8348.0
2023-03-06,8360.0,8371.0,8276.0,8313.0,369816,409544,8324.0
2023-03-07,8313.0,8359.0,8286.0,8307.0,270219,401279,8322.0
2023-03-08,8300.0,8335.0,8235.0,8274.0,337881,385889,8280.0
2023-03-09,8292.0,8293.0,8193.0,8222.0,304117,375153,8231.0
2023-03-10,8227.0,8269.0,8182.0,8184.0,287927,372262,8218.0
2023-03-13,8209.0,8245.0,8165.0,8227.0,274099,366489,8203.0
2023-03-14,8167.0,8209.0,8111.0,8153.0,296342,368881,8166.0
2023-03-15,8153.0,8165.0,8106.0,8111.0,256314,379738,8135.0
2023-03-16,8080.0,8080.0,7945.0,7953.0,332688,377130,7995.0
2023-03-17,7953.0,8100.0,7938.0,8030.0,331723,361959,8032.0
2023-03-20,8018.0,8081.0,7990.0,7995.0,250084,356542,8033.0
2023-03-21,8026.0,8050.0,7977.0,8036.0,246727,355870,8018.0
2023-03-22,8060.0,8109.0,8033.0,8072.0,271054,349157,8071.0
2023-03-23,8054.0,8085.0,7995.0,8003.0,232771,344206,8042.0
2023-03-24,8020.0,8062.0,7931.0,8056.0,309487,329776,7999.0
2023-03-27,8000.0,8095.0,7996.0,8058.0,243503,326589,8054.0
2023-03-28,8060.0,8134.0,8054.0,8109.0,226657,316726,8103.0
2023-03-29,8105.0,8137.0,8073.0,8098.0,215966,307244,8108.0
2023-03-30,8116.0,8131.0,8048.0,8090.0,215295,303530,8083.0
2023-03-31,8100.0,8198.0,8092.0,8192.0,285441,296651,8169.0
2023-04-03,8210.0,8300.0,8180.0,8232.0,263832,293629,8240.0
2023-04-04,8265.0,8265.0,8170.0,8191.0,184283,285132,8206.0
2023-04-06,8206.0,8209.0,8066.0,8076.0,214845,266837,8140.0
2023-04-07,8101.0,8126.0,8056.0,8126.0,202181,265791,8086.0
2023-04-10,8140.0,8153.0,8072.0,8096.0,194948,257131,8116.0
2023-04-11,8090.0,8136.0,8074.0,8127.0,161951,242266,8105.0
2023-04-12,8120.0,8203.0,8111.0,8198.0,224550,236952,8155.0
2023-04-13,8187.0,8206.0,8110.0,8128.0,222008,215909,8160.0
2023-04-14,8128.0,8174.0,8100.0,8158.0,187927,193822,8137.0
2023-04-17,8150.0,8237.0,8144.0,8226.0,194972,174048,8193.0
2023-04-18,8166.0,8202.0,8145.0,8199.0,239047,310069,8173.0
2023-04-19,8199.0,8246.0,8185.0,8205.0,291499,346713,8213.0
2023-04-20,8210.0,8211.0,8149.0,8195.0,279958,362501,8180.0
2023-04-21,8190.0,8249.0,8179.0,8223.0,327380,384619,8210.0
2023-04-24,8223.0,8262.0,8129.0,8139.0,381260,375747,8190.0
2023-04-25,8141.0,8240.0,8140.0,8211.0,329256,392863,8197.0
2023-04-26,8191.0,8220.0,8154.0,8205.0,364935,407268,8191.0
2023-04-27,8186.0,8211.0,8031.0,8042.0,497157,368266,8124.0
2023-04-28,8050.0,8068.0,8026.0,8039.0,281071,352186,8046.0
2023-05-04,7950.0,7996.0,7894.0,7949.0,273877,359813,7949.0
2023-05-05,7949.0,7949.0,7827.0,7899.0,389527,378829,7876.0
2023-05-08,7910.0,7948.0,7875.0,7927.0,345390,388644,7915.0
2023-05-09,7942.0,7953.0,7838.0,7840.0,336285,404528,7895.0
2023-05-10,7840.0,7867.0,7788.0,7828.0,325438,416809,7826.0
2023-05-11,7839.0,7841.0,7741.0,7759.0,356081,428241,7782.0
2023-05-12,7720.0,7755.0,7692.0,7696.0,283194,438666,7726.0
2023-05-15,7696.0,7773.0,7681.0,7746.0,366485,440236,7729.0
2023-05-16,7748.0,7805.0,7728.0,7752.0,307529,438559,7766.0
2023-05-17,7752.0,7789.0,7737.0,7783.0,273268,440749,7764.0
2023-05-18,7785.0,7816.0,7726.0,7772.0,329907,441048,7771.0
2023-05-19,7763.0,7763.0,7645.0,7696.0,419449,452374,7692.0
2023-05-22,7728.0,7748.0,7555.0,7589.0,402994,473521,7644.0
2023-05-23,7590.0,7645.0,7550.0,7597.0,329312,463127,7603.0
2023-05-24,7618.0,7678.0,7577.0,7658.0,326291,461714,7629.0
2023-05-25,7635.0,7694.0,7602.0,7651.0,358637,453277,7641.0
2023-05-26,7645.0,7651.0,7533.0,7639.0,463698,457381,7602.0
2023-05-29,7641.0,7737.0,7641.0,7729.0,418682,438168,7700.0
2023-05-30,7728.0,7777.0,7692.0,7703.0,362267,432197,7734.0
2023-05-31,7672.0,7680.0,7553.0,7619.0,409646,432455,7598.0
2023-06-01,7600.0,7761.0,7570.0,7756.0,422067,435996,7670.0
2023-06-02,7752.0,7812.0,7706.0,7799.0,355984,437607,7752.0
2023-06-05,7808.0,7824.0,7702.0,7717.0,351413,428965,7757.0
2023-06-06,7720.0,7774.0,7705.0,7739.0,320117,434427,7739.0
2023-06-07,7739.0,7790.0,7670.0,7700.0,412508,434138,7732.0
2023-06-08,7730.0,7774.0,7687.0,7756.0,318825,436509,7735.0
2023-06-09,7748.0,7772.0,7695.0,7745.0,344087,436047,7733.0
2023-06-12,7740.0,7797.0,7635.0,7657.0,461364,451216,7714.0
2023-06-13,7636.0,7714.0,7609.0,7712.0,363011,437629,7655.0
2023-06-14,7732.0,7834.0,7730.0,7794.0,396076,443144,7784.0
2023-06-15,7764.0,7800.0,7730.0,7789.0,298088,447444,7772.0
2023-06-16,7795.0,7872.0,7785.0,7871.0,318818,445733,7831.0
2023-06-19,7888.0,7899.0,7837.0,7847.0,313985,435156,7869.0
2023-06-20,7850.0,7887.0,7842.0,7859.0,250155,430367,7863.0
2023-06-21,7865.0,7880.0,7822.0,7879.0,257115,424406,7853.0
2023-06-26,7831.0,7844.0,7754.0,7770.0,258824,411962,7792.0
2023-06-27,7770.0,7827.0,7732.0,7804.0,289257,411902,7771.0
2023-06-28,7792.0,7815.0,7767.0,7794.0,230838,411744,7792.0
2023-06-29,7789.0,7878.0,7780.0,7867.0,306852,435905,7838.0
2023-06-30,7845.0,7906.0,7843.0,7887.0,246448,437227,7883.0
2023-07-03,7922.0,7922.0,7851.0,7875.0,281505,423001,7884.0
2023-07-04,7890.0,7910.0,7866.0,7895.0,240147,428007,7890.0
2023-07-05,7906.0,7918.0,7858.0,7886.0,257315,437836,7888.0
2023-07-06,7900.0,7927.0,7876.0,7912.0,300838,438851,7899.0
2023-07-07,7904.0,8027.0,7903.0,7997.0,437420,461034,7981.0
2023-07-10,7972.0,8010.0,7946.0,7981.0,324274,438316,7977.0
2023-07-11,7977.0,8021.0,7964.0,8010.0,287871,433932,7993.0
2023-07-12,8005.0,8064.0,8000.0,8054.0,285087,432270,8036.0
2023-07-13,8068.0,8097.0,8019.0,8092.0,279953,441381,8057.0
2023-07-14,8092.0,8194.0,8083.0,8162.0,333294,460520,8145.0
2023-07-17,8171.0,8175.0,8015.0,8018.0,370874,435299,8080.0
2023-07-18,8041.0,8102.0,8019.0,8098.0,259329,440383,8058.0
2023-07-19,8088.0,8133.0,8079.0,8108.0,247601,431547,8103.0
2023-07-20,8113.0,8132.0,8065.0,8091.0,238876,432487,8095.0
2023-07-21,8100.0,8107.0,8043.0,8079.0,305655,431519,8071.0
2023-07-24,8095.0,8103.0,8033.0,8039.0,317550,417342,8060.0
2023-07-25,8060.0,8146.0,8052.0,8116.0,334766,427044,8103.0
2023-07-26,8104.0,8201.0,8099.0,8179.0,298437,426086,8154.0
2023-07-27,8157.0,8207.0,8146.0,8170.0,270036,424845,8175.0
2023-07-28,8165.0,8238.0,8165.0,8232.0,344914,422467,8202.0
2023-07-31,8238.0,8248.0,8152.0,8222.0,347170,394716,8198.0
2023-08-01,8240.0,8245.0,8171.0,8208.0,262941,386922,8206.0
2023-08-02,8217.0,8303.0,8185.0,8255.0,354400,384094,8253.0
2023-08-03,8255.0,8268.0,8125.0,8138.0,341673,341915,8191.0
2023-08-04,8178.0,8226.0,8145.0,8206.0,262576,333381,8191.0
2023-08-07,8206.0,8216.0,8144.0,8164.0,280341,312299,8174.0
2023-08-08,8161.0,8163.0,8092.0,8115.0,267811,280846,8123.0
2023-08-09,8080.0,8188.0,8074.0,8183.0,247868,265611,8135.0
2023-08-10,8202.0,8227.0,8173.0,8177.0,203578,245836,8198.0
2023-08-11,8169.0,8179.0,8134.0,8166.0,230147,205304,8156.0
2023-08-14,8194.0,8194.0,8071.0,8096.0,220224,182459,8120.0
2023-08-15,8118.0,8143.0,8075.0,8116.0,162483,154872,8108.0
2023-08-16,8080.0,8100.0,8038.0,8044.0,223773,373985,8061.0
2023-08-17,8050.0,8141.0,8019.0,8137.0,308491,384872,8070.0
2023-08-18,8137.0,8313.0,8130.0,8302.0,447751,429027,8232.0
2023-08-21,8292.0,8385.0,8282.0,8352.0,389504,441071,8334.0
2023-08-22,8352.0,8387.0,8322.0,8384.0,275768,456409,8352.0
2023-08-23,8385.0,8444.0,8364.0,8376.0,325631,455351,8409.0
2023-08-24,8348.0,8413.0,8336.0,8357.0,291105,457784,8373.0
2023-08-25,8357.0,8403.0,8324.0,8399.0,304360,468804,8362.0
2023-08-28,8405.0,8433.0,8278.0,8288.0,415566,446827,8351.0
2023-08-29,8280.0,8297.0,8225.0,8233.0,341248,438900,8261.0
2023-08-30,8245.0,8341.0,8228.0,8336.0,306183,439565,8291.0
2023-08-31,8338.0,8357.0,8300.0,8325.0,244712,440804,8328.0
2023-09-01,8346.0,8453.0,8337.0,8420.0,341000,449112,8399.0
2023-09-04,8420.0,8465.0,8371.0,8385.0,376381,437994,8411.0
2023-09-05,8399.0,8458.0,8386.0,8401.0,312993,439926,8422.0
2023-09-06,8382.0,8470.0,8360.0,8459.0,391779,444749,8434.0
2023-09-07,8455.0,8508.0,8332.0,8383.0,458663,432324,8424.0
2023-09-08,8400.0,8400.0,8304.0,8317.0,304474,420468,8341.0
2023-09-11,8340.0,8397.0,8330.0,8354.0,300529,419074,8363.0
2023-09-12,8340.0,8418.0,8325.0,8402.0,391427,425595,8375.0
2023-09-13,8448.0,8466.0,8339.0,8358.0,441569,416970,8412.0
2023-09-14,8355.0,8402.0,8300.0,8349.0,360218,416720,8350.0
2023-09-15,8370.0,8453.0,8367.0,8417.0,368020,417117,8410.0
2023-09-18,8409.0,8445.0,8312.0,8430.0,510111,424232,8379.0
2023-09-19,8434.0,8554.0,8413.0,8520.0,476939,450784,8491.0
2023-09-20,8520.0,8556.0,8380.0,8384.0,468664,436051,8455.0
2023-09-21,8384.0,8398.0,8266.0,8273.0,454601,440871,8332.0
2023-09-22,8300.0,8318.0,8252.0,8295.0,349999,439317,8284.0
2023-09-25,8307.0,8320.0,8215.0,8258.0,339483,434978,8259.0
2023-09-26,8244.0,8275.0,8220.0,8230.0,330234,433556,8246.0
2023-09-27,8238.0,8264.0,8204.0,8219.0,275230,425196,8235.0
2023-09-28,8255.0,8312.0,8228.0,8247.0,305626,407879,8261.0
2023-10-09,8170.0,8196.0,8102.0,8125.0,264859,420305,8150.0
2023-10-10,8122.0,8132.0,8022.0,8025.0,295289,425870,8082.0
2023-10-11,8040.0,8045.0,7990.0,8032.0,315768,428387,8018.0
2023-10-12,8020.0,8044.0,7983.0,8037.0,327442,426742,8015.0
2023-10-13,8060.0,8073.0,8001.0,8021.0,245946,422454,8032.0
2023-10-16,8072.0,8080.0,8008.0,8055.0,315330,424815,8046.0
2023-10-17,8055.0,8080.0,7997.0,7998.0,324913,433752,8033.0
2023-10-18,7983.0,8026.0,7930.0,7931.0,368726,450646,7979.0
2023-10-19,7931.0,7960.0,7899.0,7939.0,325307,446816,7929.0
2023-10-20,7931.0,8032.0,7931.0,7954.0,331267,446324,7977.0
2023-10-23,7955.0,7990.0,7903.0,7989.0,294637,449686,7945.0
2023-10-24,7998.0,8009.0,7941.0,7993.0,306590,435227,7979.0
2023-10-25,7993.0,8049.0,7987.0,8033.0,324769,428030,8019.0
2023-10-26,8035.0,8055.0,7985.0,8050.0,335010,431270,8025.0
2023-10-27,8024.0,8168.0,8010.0,8159.0,418335,422838,8082.0
2023-10-30,8150.0,8174.0,8118.0,8169.0,305874,415148,8145.0
2023-10-31,8166.0,8166.0,8081.0,8142.0,285300,400471,8126.0
2023-11-01,8150.0,8187.0,8134.0,8160.0,275736,391954,8157.0
2023-11-02,8180.0,8188.0,8112.0,8153.0,253076,385650,8144.0
2023-11-03,8154.0,8239.0,8137.0,8235.0,322320,391449,8193.0
2023-11-06,8245.0,8254.0,8186.0,8229.0,287279,385533,8220.0
2023-11-07,8239.0,8242.0,8175.0,8181.0,257249,383960,8209.0
2023-11-08,8172.0,8202.0,8118.0,8202.0,324678,371129,8162.0
2023-11-09,8180.0,8212.0,8129.0,8169.0,304392,367532,8171.0
2023-11-10,8177.0,8254.0,8154.0,8162.0,362049,361889,8199.0
2023-11-13,8172.0,8198.0,8031.0,8032.0,434933,363480,8100.0
2023-11-14,8041.0,8072.0,8012.0,8059.0,278934,359851,8042.0
2023-11-15,8059.0,8177.0,8038.0,8161.0,350906,337592,8102.0
2023-11-16,8161.0,8193.0,8150.0,8186.0,243575,329062,8171.0
2023-11-17,8186.0,8233.0,8128.0,8161.0,326081,325258,8172.0
2023-11-20,8177.0,8189.0,8065.0,8078.0,324492,319496,8124.0
2023-11-21,8081.0,8091.0,7960.0,7966.0,326489,329231,8031.0
2023-11-22,7966.0,7988.0,7910.0,7928.0,230755,343075,7949.0
2023-11-23,7905.0,7934.0,7843.0,7854.0,273257,361257,7878.0
2023-11-24,7881.0,7943.0,7858.0,7934.0,233760,361981,7895.0
2023-11-27,7950.0,7950.0,7872.0,7893.0,206670,347010,7910.0
2023-11-28,7893.0,7905.0,7827.0,7864.0,219035,350636,7864.0
2023-11-29,7887.0,7912.0,7853.0,7869.0,198794,346930,7882.0
2023-11-30,7890.0,7979.0,7869.0,7968.0,251582,319246,7928.0
2023-12-01,7972.0,7974.0,7876.0,7932.0,241605,311533,7926.0
2023-12-04,7936.0,7956.0,7843.0,7856.0,214435,317605,7889.0
2023-12-05,7863.0,7945.0,7818.0,7894.0,249188,303099,7878.0
2023-12-06,7894.0,7968.0,7891.0,7964.0,248874,278800,7936.0
2023-12-07,7958.0,7987.0,7915.0,7950.0,221916,249872,7955.0
2023-12-08,7960.0,8074.0,7940.0,8057.0,263325,214378,8011.0
2023-12-11,8041.0,8061.0,7953.0,8018.0,239652,174882,8010.0
2023-12-12,8020.0,8076.0,7988.0,8068.0,163871,141979,8032.0
2023-12-13,8084.0,8096.0,8026.0,8045.0,288181,330460,8066.0
2023-12-14,8056.0,8095.0,8024.0,8052.0,267531,335839,8053.0
2023-12-15,8065.0,8144.0,8057.0,8126.0,324098,356893,8100.0
2023-12-18,8126.0,8136.0,8061.0,8111.0,285183,358728,8100.0
2023-12-19,8111.0,8153.0,8106.0,8122.0,271861,359572,8131.0
2023-12-20,8112.0,8215.0,8107.0,8205.0,291901,393885,8169.0
2023-12-21,8200.0,8243.0,8178.0,8230.0,255809,409887,8210.0
2023-12-22,8220.0,8279.0,8186.0,8240.0,316699,415206,8235.0
2023-12-25,8248.0,8297.0,8211.0,8288.0,348049,434103,8252.0
2023-12-26,8277.0,8304.0,8258.0,8282.0,253720,447664,8281.0
2023-12-27,8282.0,8344.0,8251.0,8330.0,346182,468906,8308.0
2023-12-28,8330.0,8341.0,8273.0,8291.0,314721,465001,8303.0
2023-12-29,8280.0,8299.0,8255.0,8280.0,278568,462148,8278.0
2024-01-02,8265.0,8278.0,8180.0,8223.0,259167,450489,8218.0
2024-01-03,8233.0,8236.0,8174.0,8196.0,248168,444025,8208.0
2024-01-04,8196.0,8218.0,8130.0,8146.0,277130,418681,8172.0
2024-01-05,8148.0,8151.0,8108.0,8127.0,247242,407290,8127.0
2024-01-08,8130.0,8145.0,8050.0,8065.0,291797,404392,8101.0
2024-01-09,8065.0,8083.0,8020.0,8025.0,268782,394948,8051.0
2024-01-10,8037.0,8046.0,7953.0,7961.0,299535,394593,8004.0
2024-01-11,7970.0,8019.0,7957.0,8007.0,255495,379428,7987.0
2024-01-12,8032.0,8047.0,8004.0,8027.0,226323,370720,8023.0
2024-01-15,8037.0,8113.0,8018.0,8101.0,269293,370792,8063.0
2024-01-16,8089.0,8175.0,8082.0,8172.0,289638,353126,8131.0
2024-01-17,8172.0,8193.0,8132.0,8140.0,264365,343724,8165.0
2024-01-18,8130.0,8185.0,8101.0,8179.0,299691,329695,8141.0
2024-01-19,8179.0,8214.0,8167.0,8203.0,233890,336019,8193.0
2024-01-22,8215.0,8290.0,8206.0,8270.0,324455,358776,8257.0
2024-01-23,8270.0,8278.0,8240.0,8265.0,218541,362383,8259.0
2024-01-24,8252.0,8292.0,8245.0,8287.0,200220,378967,8275.0
2024-01-25,8286.0,8309.0,8228.0,8239.0,237971,377531,8280.0
2024-01-26,8249.0,8286.0,8223.0,8238.0,246118,391351,8252.0
2024-01-29,8230.0,8335.0,8223.0,8314.0,314554,401458,8288.0
2024-01-30,8314.0,8330.0,8261.0,8264.0,222092,407953,8300.0
2024-01-31,8254.0,8284.0,8215.0,8224.0,267518,398058,8248.0
2024-02-01,8220.0,8227.0,8122.0,8126.0,308464,377009,8173.0
2024-02-02,8128.0,8157.0,8075.0,8077.0,275878,362244,8116.0
2024-02-05,8077.0,8134.0,8073.0,8095.0,233062,357217,8097.0
2024-02-06,8093.0,8149.0,8057.0,8142.0,237811,344761,8098.0
2024-02-07,8145.0,8231.0,8124.0,8220.0,263869,334607,8188.0
2024-02-08,8216.0,8227.0,8180.0,8200.0,151456,320960,8204.0
2024-02-19,8261.0,8276.0,8212.0,8230.0,152639,335128,8235.0
2024-02-20,8249.0,8249.0,8131.0,8142.0,243087,349754,8202.0
2024-02-21,8118.0,8201.0,8111.0,8153.0,252922,349102,8145.0
2024-02-22,8153.0,8196.0,8144.0,8183.0,196850,344905,8167.0
2024-02-23,8167.0,8236.0,8166.0,8199.0,228055,351682,8198.0
2024-02-26,8200.0,8234.0,8163.0,8173.0,271320,357711,8198.0
2024-02-27,8170.0,8258.0,8153.0,8257.0,281455,380481,8202.0
2024-02-28,8257.0,8290.0,8212.0,8214.0,295931,388129,8261.0
2024-02-29,8210.0,8275.0,8202.0,8266.0,234763,398719,8237.0
2024-03-01,8260.0,8291.0,8232.0,8260.0,234764,401788,8261.0
2024-03-04,8280.0,8300.0,8213.0,8256.0,285138,394465,8253.0
2024-03-05,8250.0,8265.0,8150.0,8153.0,318089,389908,8200.0
2024-03-06,8145.0,8182.0,8132.0,8166.0,256238,377922,8159.0
2024-03-07,8166.0,8194.0,8145.0,8149.0,230162,376953,8169.0
2024-03-08,8149.0,8185.0,8130.0,8170.0,252414,374050,8160.0
2024-03-11,8160.0,8226.0,8115.0,8177.0,372992,365043,8168.0
2024-03-12,8177.0,8215.0,8154.0,8166.0,277133,355318,8182.0
2024-03-13,8166.0,8195.0,8107.0,8132.0,309686,373623,8153.0
2024-03-14,8143.0,8175.0,8124.0,8165.0,290778,359457,8145.0
2024-03-15,8172.0,8290.0,8172.0,8280.0,440245,353041,8242.0
2024-03-18,8280.0,8326.0,8228.0,8312.0,392033,356201,8275.0
2024-03-19,8312.0,8349.0,8285.0,8326.0,347274,363781,8319.0
2024-03-20,8335.0,8376.0,8308.0,8355.0,295388,366313,8348.0
2024-03-21,8340.0,8352.0,8280.0,8341.0,283003,356648,8321.0
2024-03-22,8321.0,8339.0,8218.0,8238.0,321162,328125,8276.0
2024-03-25,8245.0,8257.0,8211.0,8219.0,231817,310886,8232.0
2024-03-26,8229.0,8275.0,8206.0,8213.0,259663,285245,8240.0
2024-03-27,8219.0,8248.0,8173.0,8183.0,253146,261335,8209.0
2024-03-28,8190.0,8238.0,8179.0,8220.0,275871,253083,8207.0
2024-03-29,8247.0,8248.0,8203.0,8225.0,224504,245687,8226.0
2024-04-01,8212.0,8292.0,8210.0,8275.0,237115,247838,8262.0
2024-04-02,8275.0,8301.0,8255.0,8293.0,209016,228414,8278.0
2024-04-03,8310.0,8340.0,8296.0,8319.0,211128,206493,8315.0
2024-04-08,8294.0,8355.0,8286.0,8339.0,194470,184612,8324.0
2024-04-09,8346.0,8373.0,8328.0,8347.0,157406,167198,8351.0
2024-04-10,8387.0,8395.0,8332.0,8371.0,234829,330668,8359.0
2024-04-11,8383.0,8438.0,8340.0,8418.0,318505,374101,8386.0
2024-04-12,8400.0,8408.0,8341.0,8369.0,280586,355451,8369.0
2024-04-15,8380.0,8441.0,8354.0,8410.0,384843,398428,8400.0
2024-04-16,8405.0,8470.0,8356.0,8394.0,459527,419627,8416.0
2024-04-17,8380.0,8441.0,8379.0,8430.0,278235,433116,8412.0
2024-04-18,8440.0,8466.0,8382.0,8439.0,412155,444789,8424.0
2024-04-19,8424.0,8581.0,8391.0,8464.0,638508,463744,8478.0
2024-04-22,8452.0,8496.0,8441.0,8462.0,324423,459826,8468.0
2024-04-23,8450.0,8459.0,8352.0,8356.0,387657,425922,8408.0
2024-04-24,8355.0,8381.0,8335.0,8360.0,287005,416638,8358.0
2024-04-25,8349.0,8384.0,8340.0,8364.0,230132,408639,8361.0
2024-04-26,8383.0,8457.0,8364.0,8454.0,341090,427831,8415.0
2024-04-29,8454.0,8506.0,8436.0,8498.0,281007,448267,8466.0
2024-04-30,8498.0,8527.0,8481.0,8494.0,264467,453248,8498.0
2024-05-06,8430.0,8453.0,8370.0,8405.0,297785,428150,8403.0
2024-05-07,8405.0,8517.0,8400.0,8503.0,360195,475402,8463.0
2024-05-08,8503.0,8550.0,8485.0,8490.0,374684,507395,8515.0
2024-05-09,8501.0,8501.0,8433.0,8436.0,342031,468780,8467.0
2024-05-10,8436.0,8457.0,8384.0,8441.0,327648,446054,8422.0
2024-05-13,8441.0,8484.0,8404.0,8480.0,301724,462505,8439.0
2024-05-14,8485.0,8494.0,8435.0,8446.0,282847,452685,8463.0
2024-05-15,8440.0,8477.0,8422.0,8469.0,267403,463645,8450.0
2024-05-16,8464.0,8500.0,8435.0,8486.0,313977,479186,8473.0
2024-05-17,8490.0,8635.0,8482.0,8635.0,478510,552030,8572.0
2024-05-20,8630.0,8673.0,8609.0,8649.0,385118,543880,8637.0
2024-05-21,8640.0,8658.0,8550.0,8579.0,390945,510535,8600.0
2024-05-22,8578.0,8617.0,8572.0,8602.0,257269,518744,8597.0
2024-05-23,8590.0,8593.0,8495.0,8523.0,374398,480903,8540.0
2024-05-24,8540.0,8592.0,8527.0,8557.0,361598,468666,8562.0
2024-05-27,8550.0,8670.0,8549.0,8669.0,394190,516179,8611.0
2024-05-28,8671.0,8716.0,8609.0,8616.0,405530,494500,8673.0
2024-05-29,8631.0,8666.0,8605.0,8650.0,281245,492084,8637.0
2024-05-30,8678.0,8754.0,8650.0,8682.0,433718,491362,8688.0
2024-05-31,8670.0,8716.0,8637.0,8648.0,325421,483215,8679.0
2024-06-03,8663.0,8666.0,8521.0,8530.0,417360,442357,8572.0
2024-06-04,8534.0,8550.0,8480.0,8516.0,352055,444830,8516.0
2024-06-05,8516.0,8516.0,8465.0,8488.0,278750,439216,8493.0
2024-06-06,8500.0,8551.0,8475.0,8528.0,287145,437584,8506.0
2024-06-07,8528.0,8609.0,8523.0,8544.0,318975,429911,8564.0
2024-06-11,8570.0,8604.0,8532.0,8542.0,260490,436481,8567.0
2024-06-12,8550.0,8626.0,8520.0,8613.0,291630,452868,8570.0
2024-06-13,8620.0,8632.0,8555.0,8594.0,307830,446200,8590.0
2024-06-14,8596.0,8599.0,8537.0,8566.0,292042,438069,8570.0
2024-06-17,8579.0,8582.0,8477.0,8493.0,377949,424865,8521.0
2024-06-18,8503.0,8566.0,8495.0,8519.0,285176,417553,8526.0
2024-06-19,8528.0,8598.0,8509.0,8576.0,302525,430387,8564.0
2024-06-20,8585.0,8614.0,8550.0,8589.0,263895,434594,8585.0
2024-06-21,8589.0,8611.0,8516.0,8531.0,343280,414255,8562.0
2024-06-24,8531.0,8533.0,8460.0,8482.0,334842,408417,8491.0
2024-06-25,8494.0,8549.0,8484.0,8531.0,305488,394780,8523.0
2024-06-26,8533.0,8539.0,8489.0,8532.0,259220,400149,8513.0
2024-06-27,8515.0,8546.0,8504.0,8518.0,252605,399974,8521.0
2024-06-28,8521.0,8592.0,8520.0,8584.0,351570,421586,8557.0
2024-07-01,8584.0,8599.0,8542.0,8591.0,270890,421456,8574.0
2024-07-02,8585.0,8662.0,8580.0,8655.0,300550,460641,8626.0
2024-07-03,8664.0,8670.0,8636.0,8658.0,197263,466467,8652.0
2024-07-04,8664.0,8668.0,8588.0,8589.0,242602,446548,8631.0
2024-07-05,8593.0,8601.0,8510.0,8520.0,352124,416972,8551.0
2024-07-08,8520.0,8536.0,8452.0,8469.0,347538,411800,8495.0
2024-07-09,8469.0,8493.0,8437.0,8443.0,290764,414301,8462.0
2024-07-10,8436.0,8447.0,8377.0,8385.0,246206,401707,8413.0
2024-07-11,8395.0,8428.0,8384.0,8403.0,242558,400015,8408.0
2024-07-12,8405.0,8407.0,8368.0,8383.0,227773,397908,8389.0
2024-07-15,8388.0,8406.0,8361.0,8370.0,229190,392414,8380.0
2024-07-16,8370.0,8396.0,8351.0,8379.0,215680,384916,8371.0
2024-07-17,8371.0,8428.0,8364.0,8383.0,242769,383705,8398.0
2024-07-18,8384.0,8408.0,8365.0,8399.0,200266,392531,8385.0
2024-07-19,8389.0,8400.0,8356.0,8369.0,207982,389135,8380.0
2024-07-22,8369.0,8374.0,8312.0,8352.0,293825,387848,8349.0
2024-07-23,8345.0,8362.0,8305.0,8310.0,191843,389869,8331.0
2024-07-24,8303.0,8326.0,8255.0,8313.0,248098,389621,8285.0
2024-07-25,8313.0,8322.0,8271.0,8280.0,175850,377047,8295.0
2024-07-26,8288.0,8320.0,8274.0,8291.0,189848,375332,8292.0
2024-07-29,8280.0,8285.0,8214.0,8236.0,266585,367422,8250.0
2024-07-30,8234.0,8245.0,8164.0,8172.0,240515,344350,8205.0
2024-07-31,8172.0,8266.0,8156.0,8256.0,224533,327987,8206.0
2024-08-01,8270.0,8328.0,8260.0,8271.0,242516,309188,8293.0
2024-08-02,8271.0,8305.0,8247.0,8303.0,184838,301070,8279.0
2024-08-05,8280.0,8285.0,8206.0,8232.0,258574,288325,8254.0
2024-08-06,8220.0,8256.0,8203.0,8216.0,170229,285107,8226.0
2024-08-07,8210.0,8241.0,8190.0,8195.0,192681,278554,8214.0
2024-08-08,8211.0,8222.0,8145.0,8155.0,247271,268706,8185.0
2024-08-09,8162.0,8220.0,8139.0,8150.0,212001,245646,8169.0
2024-08-12,8166.0,8184.0,8106.0,8183.0,195086,234962,8144.0
2024-08-13,8202.0,8241.0,8171.0,8190.0,189813,209592,8200.0
2024-08-14,8190.0,8215.0,8153.0,8185.0,183358,178891,8185.0
2024-08-15,8190.0,8194.0,8118.0,8176.0,168358,156459,8157.0
2024-08-16,8094.0,8127.0,8026.0,8028.0,292814,349759,8082.0
2024-08-19,8002.0,8072.0,7985.0,8056.0,254952,358701,8033.0
2024-08-20,8056.0,8084.0,7960.0,8036.0,350097,385962,8019.0
2024-08-21,8031.0,8068.0,8005.0,8062.0,272998,384750,8036.0
2024-08-22,8070.0,8117.0,8053.0,8059.0,307085,383880,8083.0
2024-08-23,8070.0,8085.0,8011.0,8013.0,241515,402841,8049.0
2024-08-26,8029.0,8123.0,8012.0,8116.0,321786,394464,8064.0
2024-08-27,8140.0,8176.0,8135.0,8165.0,258292,381429,8155.0
2024-08-28,8160.0,8169.0,8129.0,8133.0,208724,376681,8150.0
2024-08-29,8119.0,8157.0,8113.0,8137.0,183322,382357,8136.0
2024-08-30,8136.0,8175.0,8130.0,8152.0,201719,385467,8149.0
2024-09-02,8152.0,8152.0,8031.0,8038.0,294690,388601,8084.0
2024-09-03,8055.0,8069.0,8024.0,8038.0,199101,398792,8042.0
2024-09-04,7999.0,8013.0,7930.0,7938.0,370030,408097,7968.0
2024-09-05,7950.0,7974.0,7891.0,7897.0,264811,405525,7931.0
2024-09-06,7902.0,7977.0,7902.0,7946.0,298458,405610,7936.0
2024-09-09,7932.0,7956.0,7873.0,7938.0,288971,404235,7917.0
2024-09-10,7928.0,7968.0,7899.0,7912.0,283096,407430,7936.0
2024-09-11,7891.0,7935.0,7823.0,7931.0,368627,412331,7877.0
2024-09-12,7940.0,7998.0,7922.0,7980.0,302484,408702,7959.0
2024-09-13,7968.0,7975.0,7900.0,7905.0,255445,390887,7941.0
2024-09-18,7926.0,7965.0,7841.0,7870.0,252006,389910,7897.0
2024-09-19,7890.0,7962.0,7828.0,7959.0,284108,394026,7894.0
2024-09-20,7980.0,7980.0,7915.0,7941.0,229149,395604,7948.0
2024-09-23,7935.0,7935.0,7829.0,7844.0,319132,400896,7874.0
2024-09-24,7844.0,7978.0,7834.0,7969.0,355041,398709,7897.0
2024-09-25,7980.0,8048.0,7976.0,7982.0,370230,385692,0.0
2024-09-26,7949.0,8016.0,7932.0,7970.0,280630,369753,7975.0
2024-09-27,7980.0,8062.0,7972.0,8052.0,305385,363847,8023.0
2024-09-30,8050.0,8233.0,8033.0,8199.0,348968,337940,8161.0
2024-10-08,8350.0,8381.0,8285.0,8293.0,347965,323934,8325.0
2024-10-09,8300.0,8311.0,8218.0,8274.0,341710,344691,8273.0
2024-10-10,8265.0,8297.0,8206.0,8261.0,307833,354300,8255.0
2024-10-11,8265.0,8316.0,8258.0,8303.0,276807,366371,8290.0
2024-10-14,8305.0,8348.0,8275.0,8298.0,285044,370406,8305.0
2024-10-15,8293.0,8298.0,8180.0,8197.0,336430,361112,8245.0
2024-10-16,8180.0,8238.0,8180.0,8200.0,250881,363903,8211.0
2024-10-17,8200.0,8212.0,8088.0,8088.0,304489,355274,8157.0
2024-10-18,8088.0,8150.0,8085.0,8142.0,211676,353491,8117.0
2024-10-21,8140.0,8142.0,8056.0,8079.0,239771,358134,8095.0
2024-10-22,8086.0,8120.0,8077.0,8096.0,194690,354482,8095.0
2024-10-23,8106.0,8145.0,8106.0,8115.0,211033,363533,8124.0
2024-10-24,8109.0,8143.0,8090.0,8140.0,173127,365694,8120.0
2024-10-25,8137.0,8196.0,8134.0,8148.0,252360,371796,8159.0
2024-10-28,8149.0,8191.0,8099.0,8180.0,265774,370787,8155.0
2024-10-29,8162.0,8173.0,8061.0,8116.0,299227,361555,8118.0
2024-10-30,8128.0,8131.0,8028.0,8060.0,247841,370540,8074.0
2024-10-31,8071.0,8166.0,8061.0,8150.0,334268,386897,8115.0
2024-11-01,8156.0,8181.0,8131.0,8145.0,262019,388479,8160.0
2024-11-04,8148.0,8168.0,8111.0,8165.0,207244,385444,8142.0
2024-11-05,8175.0,8215.0,8149.0,8198.0,244148,407552,8182.0
2024-11-06,8214.0,8240.0,8175.0,8187.0,269562,420335,8214.0
2024-11-07,8187.0,8285.0,8138.0,8270.0,295927,444372,8220.0
2024-11-08,8270.0,8295.0,8234.0,8244.0,242341,451395,8265.0
2024-11-11,8240.0,8259.0,8165.0,8201.0,267759,439001,8203.0
2024-11-12,8181.0,8253.0,8179.0,8242.0,237966,474319,8223.0
2024-11-13,8246.0,8288.0,8232.0,8239.0,256133,490586,8264.0
2024-11-14,8240.0,8318.0,8240.0,8317.0,284282,522897,8270.0
2024-11-15,8322.0,8396.0,8270.0,8289.0,544371,553267,8343.0
2024-11-18,8310.0,8318.0,8205.0,8253.0,372909,524934,8260.0
2024-11-19,8235.0,8343.0,8233.0,8341.0,280835,547344,8288.0
2024-11-20,8337.0,8495.0,8322.0,8454.0,529427,607142,8407.0
2024-11-21,8475.0,8502.0,8417.0,8445.0,570276,614234,8467.0
2024-11-22,8460.0,8496.0,8426.0,8471.0,452075,620857,8463.0
2024-11-25,8460.0,8470.0,8352.0,8395.0,523530,569525,8402.0
2024-11-26,8400.0,8438.0,8355.0,8420.0,363611,562716,8393.0
2024-11-27,8415.0,8434.0,8383.0,8401.0,265207,539216,8406.0
2024-11-28,8414.0,8423.0,8344.0,8348.0,267298,519726,8382.0
2024-11-29,8353.0,8407.0,8328.0,8388.0,231527,517978,8369.0
2024-12-02,8388.0,8533.0,8355.0,8522.0,420836,536751,8445.0
2024-12-03,8530.0,8537.0,8390.0,8418.0,378834,499869,8462.0
2024-12-04,8425.0,8467.0,8391.0,8439.0,280099,472966,8433.0
2024-12-05,8436.0,8436.0,8343.0,8383.0,253302,439349,8387.0
2024-12-06,8366.0,8380.0,8300.0,8351.0,270795,407776,8341.0
2024-12-09,8355.0,8355.0,8288.0,8327.0,244407,374092,8313.0
2024-12-10,8381.0,8388.0,8291.0,8298.0,284119,316220,8339.0
2024-12-11,8306.0,8369.0,8288.0,8320.0,201802,286281,8330.0
2024-12-12,8320.0,8360.0,8320.0,8342.0,150918,256125,8341.0
2024-12-13,8140.0,8159.0,8114.0,8130.0,258775,473178,8138.0
2024-12-16,8130.0,8196.0,8126.0,8191.0,352677,489571,8160.0
2024-12-17,8179.0,8197.0,8154.0,8169.0,225167,499471,8174.0
2024-12-18,8156.0,8219.0,8156.0,8173.0,306392,528422,8185.0
2024-12-19,8175.0,8200.0,8107.0,8143.0,374923,524869,8162.0
2024-12-20,8162.0,8169.0,8076.0,8086.0,330426,528493,8117.0
2024-12-23,8073.0,8102.0,8055.0,8089.0,333893,531783,8078.0
2024-12-24,8089.0,8104.0,8061.0,8099.0,249184,518495,8083.0
2024-12-25,8092.0,8132.0,8078.0,8080.0,288293,516909,8106.0
2024-12-26,8081.0,8124.0,8068.0,8117.0,226690,517233,8101.0
2024-12-27,8125.0,8156.0,8078.0,8079.0,320045,528137,8125.0
2024-12-30,8079.0,8132.0,8075.0,8103.0,258438,521636,8103.0
2024-12-31,8109.0,8187.0,8102.0,8178.0,373056,549102,8157.0
2025-01-02,8188.0,8206.0,8135.0,8164.0,291566,555395,8172.0
2025-01-03,8164.0,8179.0,8082.0,8083.0,404749,545046,8126.0
2025-01-06,8080.0,8096.0,7936.0,7943.0,574773,571299,8018.0
2025-01-07,7956.0,7980.0,7885.0,7893.0,414567,553584,7922.0
2025-01-08,7903.0,7925.0,7856.0,7867.0,325698,533648,7887.0
2025-01-09,7870.0,7912.0,7853.0,7877.0,320365,522894,7873.0
2025-01-10,7870.0,7932.0,7865.0,7911.0,298161,515471,7898.0
2025-01-13,7940.0,8008.0,7906.0,7917.0,440123,514133,7947.0
2025-01-14,7925.0,7928.0,7858.0,7862.0,437613,559247,7889.0
2025-01-15,7850.0,7904.0,7830.0,7880.0,354403,550549,7866.0
2025-01-16,7880.0,7927.0,7815.0,7852.0,439666,553010,7874.0
2025-01-17,7840.0,7898.0,7806.0,7879.0,389962,526436,7852.0
2025-01-20,7870.0,7887.0,7783.0,7831.0,418610,533070,7828.0
2025-01-21,7820.0,7878.0,7806.0,7808.0,316481,537892,7833.0
2025-01-22,7800.0,7813.0,7763.0,7777.0,302778,548080,7782.0
2025-01-23,7770.0,7796.0,7719.0,7740.0,262462,552939,7754.0
2025-01-24,7750.0,7768.0,7722.0,7739.0,236164,537736,7746.0
2025-01-27,7755.0,7805.0,7736.0,7785.0,233785,501617,7771.0
2025-02-05,7760.0,7781.0,7710.0,7714.0,219659,517826,7738.0
2025-02-06,7710.0,7741.0,7691.0,7729.0,270825,531050,7715.0
2025-02-07,7730.0,7814.0,7714.0,7776.0,339816,524880,7769.0
2025-02-10,7785.0,7804.0,7757.0,7781.0,277719,531285,7778.0
2025-02-11,7792.0,7840.0,7773.0,7840.0,310053,513970,7799.0
2025-02-12,7840.0,7866.0,7815.0,7854.0,289270,514043,7841.0
2025-02-13,7854.0,7866.0,7766.0,7774.0,312728,518301,7808.0
2025-02-14,7760.0,7844.0,7755.0,7819.0,248597,505043,7812.0
2025-02-17,7826.0,7877.0,7813.0,7859.0,284736,492528,7848.0
2025-02-18,7859.0,7860.0,7831.0,7837.0,185717,501493,7846.0
2025-02-19,7839.0,7875.0,7819.0,7872.0,246616,493935,7850.0
2025-02-20,7877.0,7904.0,7866.0,7900.0,241612,490779,7886.0
2025-02-21,7900.0,7922.0,7875.0,7884.0,224913,483314,7897.0
2025-02-24,7878.0,7904.0,7842.0,7857.0,251793,489342,7871.0
2025-02-25,7866.0,7868.0,7820.0,7846.0,186837,491405,7843.0
2025-02-26,7839.0,7845.0,7793.0,7830.0,264607,486261,7817.0
2025-02-27,7828.0,7921.0,7824.0,7912.0,385018,491998,7875.0
2025-02-28,7920.0,7937.0,7902.0,7913.0,266763,499719,7918.0
2025-03-03,7913.0,7942.0,7882.0,7926.0,260042,483743,7915.0
2025-03-04,7927.0,7941.0,7886.0,7905.0,251221,496081,7911.0
2025-03-05,7896.0,7898.0,7855.0,7878.0,298855,484271,7876.0
2025-03-06,7873.0,7926.0,7804.0,7920.0,483013,493973,7865.0
2025-03-07,7920.0,7924.0,7866.0,7883.0,265448,485388,7893.0
2025-03-10,7894.0,7918.0,7847.0,7862.0,320614,481502,7887.0
2025-03-11,7879.0,7879.0,7830.0,7867.0,284539,484186,7860.0
2025-03-12,7875.0,7892.0,7765.0,7801.0,519748,504322,7814.0
2025-03-13,7811.0,7846.0,7771.0,7773.0,363383,501588,7812.0
2025-03-14,7771.0,7809.0,7756.0,7790.0,279114,497746,7786.0
2025-03-17,7785.0,7790.0,7718.0,7732.0,331042,523299,7748.0
2025-03-18,7740.0,7742.0,7694.0,7708.0,250147,525699,7716.0
2025-03-19,7715.0,7736.0,7680.0,7693.0,294297,508894,7710.0
2025-03-20,7700.0,7707.0,7654.0,7669.0,289573,518995,7676.0
2025-03-21,7669.0,7692.0,7634.0,7655.0,314383,490080,7664.0
2025-03-24,7654.0,7743.0,7651.0,7735.0,340399,448251,7708.0
2025-03-25,7735.0,7742.0,7687.0,7693.0,225146,453272,7712.0
2025-03-26,7696.0,7727.0,7646.0,7677.0,294256,464018,7686.0
2025-03-27,7686.0,7719.0,7676.0,7714.0,264818,460851,7702.0
2025-03-28,7714.0,7735.0,7672.0,7701.0,286314,450261,7706.0
2025-03-31,7701.0,7705.0,7613.0,7669.0,353713,437561,7655.0
2025-04-01,7673.0,7723.0,7658.0,7690.0,280193,412532,7693.0
2025-04-02,7688.0,7746.0,7662.0,7711.0,364443,386000,7708.0
2025-04-03,7717.0,7725.0,7655.0,7690.0,314411,356025,7689.0
2025-04-07,7400.0,7466.0,7318.0,7320.0,431019,350140,7401.0
2025-04-08,7332.0,7439.0,7321.0,7326.0,375091,310442,7377.0
2025-04-09,7330.0,7365.0,7105.0,7242.0,435303,276865,7230.0
2025-04-10,7020.0,7294.0,6980.0,7237.0,483535,314022,7155.0
2025-04-11,7237.0,7259.0,7159.0,7252.0,396471,344907,7198.0
2025-04-14,7240.0,7272.0,7213.0,7264.0,284425,365204,7242.0
2025-04-15,7270.0,7270.0,7185.0,7191.0,295062,389759,7217.0
2025-04-16,7190.0,7215.0,7106.0,7131.0,287643,418757,7168.0
2025-04-17,7149.0,7189.0,7130.0,7140.0,246557,419559,7158.0
2025-04-18,7156.0,7183.0,7111.0,7143.0,259595,436155,7147.0
2025-04-21,7161.0,7194.0,7134.0,7183.0,265724,440707,7165.0
2025-04-22,7175.0,7175.0,7126.0,7133.0,236888,453169,7148.0
2025-04-23,7136.0,7220.0,7122.0,7214.0,316427,456772,7175.0
2025-04-24,7200.0,7211.0,7086.0,7149.0,480395,479020,7150.0
2025-04-25,7151.0,7181.0,7127.0,7150.0,280982,492639,7148.0
2025-04-28,7135.0,7189.0,7133.0,7164.0,281961,482064,7165.0
2025-04-29,7160.0,7163.0,7100.0,7122.0,261574,490656,7129.0
2025-04-30,7119.0,7124.0,7077.0,7083.0,231212,478674,7101.0
2025-05-06,7025.0,7074.0,6971.0,6987.0,296850,533039,7010.0
2025-05-07,7003.0,7123.0,7002.0,7046.0,348273,520492,7059.0
2025-05-08,7032.0,7039.0,6978.0,7016.0,274110,535267,7006.0
2025-05-09,7030.0,7048.0,6973.0,6976.0,263134,544266,7014.0
2025-05-12,6984.0,7095.0,6946.0,7090.0,471649,540833,7023.0
2025-05-13,7160.0,7205.0,7107.0,7187.0,455073,536999,7149.0
2025-05-14,7230.0,7339.0,7192.0,7339.0,564915,529130,7273.0
2025-05-15,7339.0,7357.0,7280.0,7298.0,460827,527579,7322.0
2025-05-16,7293.0,7294.0,7229.0,7236.0,299796,518090,7265.0
2025-05-19,7227.0,7279.0,7218.0,7238.0,321535,514086,7246.0
2025-05-20,7239.0,7264.0,7217.0,7222.0,314792,511907,7242.0
2025-05-21,7229.0,7265.0,7204.0,7221.0,321016,517489,7232.0
2025-05-22,7215.0,7224.0,7150.0,7159.0,299966,515978,7188.0
2025-05-23,7151.0,7155.0,7080.0,7085.0,330416,515936,7120.0
2025-05-26,7070.0,7118.0,7055.0,7080.0,330305,513654,7080.0
2025-05-27,7074.0,7080.0,6996.0,7007.0,360383,527221,7031.0
2025-05-28,7005.0,7013.0,6961.0,6972.0,341402,532123,6989.0
2025-05-29,6985.0,7040.0,6936.0,7025.0,415473,543284,6991.0
2025-05-30,6990.0,7001.0,6946.0,6960.0,311232,548604,6974.0
2025-06-03,7000.0,7010.0,6944.0,6963.0,250761,565965,6973.0
2025-06-04,6975.0,7060.0,6965.0,7049.0,344165,555015,7011.0
2025-06-05,7036.0,7085.0,7017.0,7034.0,351131,544158,7043.0
2025-06-06,7045.0,7105.0,7044.0,7066.0,342343,543941,7072.0
2025-06-09,7066.0,7098.0,7061.0,7078.0,249544,545370,7079.0
2025-06-10,7082.0,7139.0,7049.0,7106.0,324522,530962,7099.0
2025-06-11,7105.0,7124.0,7085.0,7102.0,253230,536103,7105.0
2025-06-12,7121.0,7149.0,7097.0,7117.0,284951,529576,7124.0
2025-06-13,7100.0,7308.0,7066.0,7258.0,662862,494228,7211.0
2025-06-16,7266.0,7341.0,7219.0,7338.0,455032,477702,7280.0
2025-06-17,7310.0,7329.0,7246.0,7317.0,473370,486231,7294.0
2025-06-18,7333.0,7430.0,7333.0,7418.0,431735,476259,7391.0
2025-06-19,7425.0,7479.0,7397.0,7462.0,432373,478375,7443.0
2025-06-20,7470.0,7494.0,7401.0,7415.0,414225,484524,7446.0
2025-06-23,7406.0,7490.0,7374.0,7444.0,421810,477335,7422.0
2025-06-24,7421.0,7443.0,7165.0,7250.0,594765,474026,7291.0
2025-06-25,7240.0,7274.0,7218.0,7271.0,309550,461763,7248.0
2025-06-26,7261.0,7335.0,7260.0,7300.0,381432,471020,7289.0
2025-06-27,7300.0,7336.0,7285.0,7302.0,297767,460583,7308.0
2025-06-30,7302.0,7319.0,7260.0,7261.0,247044,460498,7286.0
2025-07-01,7266.0,7273.0,7219.0,7249.0,232978,457867,7246.0
2025-07-02,7240.0,7295.0,7237.0,7288.0,270161,443293,7263.0
2025-07-03,7300.0,7320.0,7266.0,7284.0,243442,444132,7293.0
2025-07-04,7298.0,7340.0,7277.0,7282.0,301296,448681,7308.0
2025-07-07,7272.0,7277.0,7229.0,7247.0,255068,448912,7250.0
2025-07-08,7255.0,7264.0,7240.0,7245.0,209361,448580,7250.0
2025-07-09,7246.0,7284.0,7239.0,7278.0,218535,436321,7257.0
2025-07-10,7282.0,7343.0,7272.0,7329.0,259602,438823,7309.0
2025-07-11,7322.0,7335.0,7276.0,7291.0,274059,432521,7302.0
2025-07-14,7295.0,7314.0,7250.0,7284.0,307887,421336,7284.0
2025-07-15,7285.0,7292.0,7208.0,7221.0,307485,433865,7243.0
2025-07-16,7221.0,7235.0,7204.0,7214.0,204281,436856,7215.0
2025-07-17,7204.0,7223.0,7196.0,7215.0,181546,434235,7209.0
2025-07-18,7218.0,7254.0,7203.0,7216.0,262918,425673,7225.0
2025-07-21,7225.0,7308.0,7224.0,7290.0,348003,407554,7276.0
2025-07-22,7287.0,7373.0,7264.0,7368.0,384173,394148,7306.0
2025-07-23,7370.0,7371.0,7261.0,7288.0,313961,388381,7320.0
2025-07-24,7288.0,7400.0,7276.0,7385.0,333143,371617,7339.0
2025-07-25,7391.0,7483.0,7387.0,7456.0,377764,366548,7439.0
2025-07-28,7456.0,7461.0,7320.0,7335.0,388896,346401,7367.0
2025-07-29,7341.0,7396.0,7341.0,7385.0,239704,343620,7369.0
2025-07-30,7399.0,7432.0,7369.0,7387.0,244663,334157,7402.0
2025-07-31,7390.0,7396.0,7333.0,7350.0,211583,326961,7369.0
2025-08-01,7344.0,7370.0,7300.0,7317.0,220536,313117,7336.0
2025-08-04,7312.0,7318.0,7251.0,7279.0,264758,300262,7276.0
2025-08-05,7256.0,7331.0,7253.0,7323.0,183396,301516,7288.0
2025-08-06,7323.0,7344.0,7294.0,7321.0,166807,291496,7318.0
2025-08-07,7310.0,7324.0,7277.0,7297.0,173226,281347,7302.0
2025-08-08,7300.0,7311.0,7278.0,7290.0,157751,270512,7294.0
2025-08-11,7298.0,7322.0,7281.0,7314.0,175650,252486,7302.0
2025-08-12,7322.0,7353.0,7308.0,7329.0,161499,233122,7328.0
2025-08-13,7390.0,7404.0,7372.0,7381.0,130169,283252,7386.0
2025-08-14,7374.0,7386.0,7333.0,7343.0,187511,303896,7360.0
2025-08-15,7351.0,7365.0,7329.0,7351.0,185379,318815,7344.0
2025-08-18,7352.0,7361.0,7312.0,7334.0,210479,341910,7338.0
2025-08-19,7334.0,7345.0,7302.0,7307.0,195031,360140,7320.0
2025-08-20,7302.0,7368.0,7243.0,7347.0,400529,381563,7302.0
2025-08-21,7347.0,7413.0,7337.0,7386.0,381879,386389,7375.0
2025-08-22,7378.0,7405.0,7369.0,7380.0,225688,394242,7385.0
2025-08-25,7390.0,7428.0,7388.0,7423.0,261365,393878,7411.0
2025-08-26,7427.0,7455.0,7396.0,7402.0,249048,407610,7427.0
2025-08-27,7399.0,7414.0,7360.0,7364.0,222311,412274,7389.0
2025-08-28,7370.0,7375.0,7335.0,7358.0,218227,413567,7352.0
2025-08-29,7358.0,7366.0,7281.0,7287.0,282715,440365,7317.0
2025-09-01,7280.0,7303.0,7221.0,7270.0,324382,468822,7256.0
2025-09-02,7275.0,7290.0,7241.0,7252.0,224458,481368,7261.0
2025-09-03,7252.0,7290.0,7238.0,7247.0,212912,490459,7262.0
2025-09-04,7241.0,7243.0,7206.0,7225.0,235618,502560,7224.0
2025-09-05,7225.0,7270.0,7204.0,7245.0,225182,505528,7234.0
2025-09-08,7240.0,7254.0,7206.0,7251.0,205665,511869,7229.0
2025-09-09,7248.0,7256.0,7214.0,7229.0,165835,517977,7228.0
2025-09-10,7234.0,7247.0,7222.0,7226.0,178117,517187,7233.0
2025-09-11,7222.0,7240.0,7196.0,7209.0,217976,533469,7216.0
2025-09-12,7200.0,7200.0,7152.0,7169.0,244355,561110,7174.0
2025-09-15,7199.0,7237.0,7168.0,7232.0,264026,554975,7202.0
2025-09-16,7232.0,7287.0,7230.0,7234.0,256043,524076,7260.0
2025-09-17,7252.0,7265.0,7238.0,7245.0,146481,520256,7249.0
2025-09-18,7235.0,7254.0,7182.0,7188.0,207880,529473,7219.0
2025-09-19,7202.0,7205.0,7161.0,7169.0,201711,556313,7181.0
2025-09-22,7169.0,7183.0,7121.0,7130.0,210963,580839,7153.0
2025-09-23,7116.0,7128.0,7090.0,7105.0,180643,589676,7108.0
2025-09-24,7117.0,7165.0,7109.0,7142.0,191081,571775,7138.0
2025-09-25,7169.0,7183.0,7156.0,7169.0,167193,561860,7168.0
2025-09-26,7161.0,7195.0,7132.0,7159.0,195523,554591,7163.0
2025-09-29,7173.0,7198.0,7152.0,7181.0,197037,537691,7174.0
2025-09-30,7170.0,7174.0,7144.0,7153.0,157081,525921,7156.0
2025-10-09,7145.0,7145.0,7032.0,7077.0,264961,546305,7073.0
2025-10-10,7075.0,7088.0,7033.0,7037.0,225133,557868,7052.0
2025-10-13,7015.0,7034.0,6975.0,6983.0,280022,564785,7005.0
2025-10-14,6996.0,6999.0,6891.0,6918.0,266284,577097,6936.0
2025-10-15,6890.0,6936.0,6881.0,6910.0,205449,568826,6908.0
2025-10-16,6912.0,6941.0,6870.0,6929.0,239611,566645,6907.0
2025-10-17,6936.0,6936.0,6855.0,6874.0,210425,565412,6893.0
2025-10-20,6891.0,6936.0,6879.0,6879.0,218340,562100,6909.0
2025-10-21,6870.0,6915.0,6830.0,6883.0,286298,561965,6869.0
2025-10-22,6889.0,6956.0,6873.0,6936.0,234079,549864,6914.0
2025-10-23,6946.0,7013.0,6934.0,6999.0,253296,531489,6974.0
2025-10-24,7014.0,7017.0,6957.0,6969.0,229753,529187,6982.0
2025-10-27,6969.0,7029.0,6969.0,7024.0,241446,523862,6999.0
2025-10-28,7030.0,7035.0,6975.0,6985.0,220120,519487,7008.0
2025-10-29,6975.0,7014.0,6961.0,7009.0,212938,512269,6988.0
2025-10-30,7000.0,7026.0,6967.0,6968.0,214616,508700,6998.0
2025-10-31,6968.0,6988.0,6896.0,6899.0,266932,524390,6947.0
2025-11-03,6915.0,6939.0,6885.0,6888.0,267570,532585,6912.0
2025-11-04,6888.0,6912.0,6852.0,6879.0,230176,533139,6881.0
2025-11-05,6871.0,6875.0,6798.0,6814.0,290462,553147,6831.0
2025-11-06,6810.0,6819.0,6745.0,6805.0,305198,578172,6784.0
2025-11-07,6805.0,6835.0,6791.0,6802.0,228488,585377,6806.0
2025-11-10,6793.0,6811.0,6766.0,6802.0,242633,586307,6788.0
2025-11-11,6810.0,6815.0,6758.0,6760.0,191450,584333,6794.0
2025-11-12,6765.0,6803.0,6765.0,6788.0,186004,586919,6784.0
2025-11-13,6780.0,6820.0,6756.0,6818.0,278372,581602,6791.0
2025-11-14,6825.0,6896.0,6824.0,6853.0,347525,540755,6860.0
2025-11-17,6854.0,6869.0,6833.0,6843.0,206820,542295,6850.0
2025-11-18,6851.0,6868.0,6771.0,6785.0,260592,548344,6818.0
2025-11-19,6785.0,6838.0,6781.0,6833.0,281440,528666,6813.0
2025-11-20,6820.0,6855.0,6779.0,6835.0,312525,516737,6814.0
2025-11-21,6830.0,6841.0,6768.0,6770.0,244504,512746,6805.0
2025-11-24,6775.0,6826.0,6731.0,6793.0,334461,497429,6781.0
2025-11-25,6790.0,6822.0,6758.0,6762.0,247713,488359,6796.0
2025-11-26,6757.0,6780.0,6696.0,6707.0,396126,497599,6740.0
2025-11-27,6707.0,6742.0,6694.0,6699.0,270004,495726,6715.0
2025-11-28,6705.0,6793.0,6702.0,6789.0,330099,457393,6746.0
2025-12-01,6789.0,6830.0,6777.0,6803.0,305073,434382,6799.0
2025-12-02,6810.0,6836.0,6801.0,6831.0,248435,407064,6821.0
2025-12-03,6825.0,6838.0,6794.0,6808.0,186405,402710,6812.0
2025-12-04,6800.0,6818.0,6753.0,6776.0,210139,386484,6783.0
2025-12-05,6770.0,6774.0,6673.0,6674.0,282287,393540,6711.0
2025-12-08,6689.0,6689.0,6619.0,6643.0,234875,374193,6648.0
2025-12-09,6630.0,6640.0,6550.0,6557.0,228488,339262,6595.0
2025-12-10,6610.0,6629.0,6559.0,6599.0,280955,409894,6595.0
2025-12-11,6600.0,6645.0,6554.0,6558.0,295211,451436,6607.0
2025-12-12,6552.0,6569.0,6475.0,6486.0,367973,479677,6523.0
2025-12-15,6486.0,6619.0,6481.0,6557.0,458385,488788,6576.0
2025-12-16,6557.0,6574.0,6526.0,6543.0,300917,510153,6545.0
2025-12-17,6525.0,6543.0,6470.0,6479.0,378254,540127,6511.0
2025-12-18,6488.0,6545.0,6475.0,6476.0,420481,561776,6509.0
2025-12-19,6469.0,6470.0,6314.0,6320.0,721995,598214,6392.0
2025-12-22,6327.0,6350.0,6234.0,6240.0,668895,606042,6292.0
2025-12-23,6256.0,6344.0,6221.0,6296.0,666834,581559,6283.0
2025-12-24,6310.0,6418.0,6284.0,6408.0,668755,540352,6350.0
2025-12-25,6415.0,6446.0,6356.0,6390.0,490725,542399,6408.0
2025-12-26,6390.0,6476.0,6323.0,6465.0,605677,526703,6388.0
2025-12-29,6465.0,6501.0,6434.0,6453.0,480437,509239,6467.0
2025-12-30,6460.0,6486.0,6436.0,6461.0,366515,512784,6457.0
2025-12-31,6452.0,6498.0,6451.0,6472.0,324808,501425,6470.0
